-- Auto-generated by scripts/generateSeed.js
BEGIN;

DROP TABLE IF EXISTS events;
DROP TABLE IF EXISTS venues;
DROP TABLE IF EXISTS neighborhoods;

CREATE TABLE neighborhoods (
  id INTEGER PRIMARY KEY,
  description TEXT NOT NULL,
  coordinates DOUBLE PRECISION[] NOT NULL
);

CREATE TABLE venues (
  id INTEGER PRIMARY KEY,
  neighborhood_id INTEGER REFERENCES neighborhoods(id),
  name TEXT NOT NULL,
  type TEXT,
  description TEXT,
  stars NUMERIC(3,1),
  coordinates DOUBLE PRECISION[],
  schedule TIME,
  CHECK (stars IS NULL OR (stars >= 0 AND stars <= 10))
);

CREATE TABLE events (
  id INTEGER PRIMARY KEY,
  venue_id INTEGER REFERENCES venues(id),
  name TEXT NOT NULL,
  type TEXT,
  category TEXT,
  keywords TEXT[],
  description TEXT,
  price_range DOUBLE PRECISION[],
  event_date DATE
);

INSERT INTO neighborhoods (id, description, coordinates) VALUES (1, '"Uno de los barrios más antiguos de Santiago, con un fuerte valor patrimonial y residencial. Sus calles tranquilas, plazas y arquitectura del siglo XIX conviven con centros culturales, museos pequeños y murales que narran su historia reciente. Es un barrio apropiado para quienes valoran el ritmo pausado, el patrimonio y la vida de barrio, con una presencia activa de comunidad local y actividades vinculadas a la memoria y la cultura."', '{{-33.435814078195925,-70.68025210496316},{-33.43490673660536,-70.66897548581743},{-33.447712336969104,-70.66754649275764},{-33.45053760962493,-70.6788852420364}}'::double precision[]);
INSERT INTO neighborhoods (id, description, coordinates) VALUES (2, '“Barrio céntrico de carácter patrimonial y cultural, conocido por sus calles peatonales, oferta de librerías, espacios de arte y diseño. Es un sector ideal para recorrer a pie, visitar museos como el MAVI o el de Bellas Artes, asistir a funciones teatrales o descansar en alguna plaza. Se orienta a quienes disfrutan de panoramas culturales y urbanos en entornos con historia. Se puede esperar una mezcla de visitantes locales y turistas, y una oferta variada de locales tranquilos, cafeterías, tiendas independientes y ferias ocasionales.”', '{{-33.43758312086804,-70.63658042117862},{-33.43687582547815,-70.63680572673337},{-33.43680420030706,-70.63983125846855},{-33.43599841305845,-70.6432001129538},{-33.4378952802519,-70.64347396504286},{-33.440798161770736,-70.64477038034886},{-33.442168432335805,-70.64411136923857}}'::double precision[]);
INSERT INTO neighborhoods (id, description, coordinates) VALUES (3, '“El corazón de Ñuñoa, con fuerte vida de barrio y presencia de teatros, restaurantes, librerías y espacios culturales. La plaza y sus alrededores se activan especialmente en las tardes y fines de semana, atrayendo tanto a familias como a grupos de jóvenes y personas que buscan lugares al aire libre para conversar o asistir a funciones. La oferta gastronómica es amplia, así como también las actividades relacionadas al arte y la cultura.”', '{{-33.45681381649201,-70.59332906190615},{-33.4537703942005,-70.5932110447108},{-33.45375249140043,-70.59406935158603},{-33.45676906105573,-70.59420882645325}}'::double precision[]);
INSERT INTO neighborhoods (id, description, coordinates) VALUES (4, 'Ubicado entre Ñuñoa y Providencia, combina antiguas casonas con locales de diseño, talleres de oficios, tiendas de ropa, librerías y una gran variedad de espacios gastronómicos. Es un lugar frecuentado por quienes buscan pasear con calma, comprar productos independientes o reunirse en patios compartidos. El ambiente es diverso y tranquilo, con una fuerte presencia de espacios creativos y comercio local. Además, Barrio Italia destaca por su vida nocturna en crecimiento, con bares, coctelerías y espacios de artes escénicas que llenan sus calles de música, teatro íntimo y propuestas culturales alternativas, convirtiéndolo en uno de los polos bohemios más interesantes de Santiago.', '{{-33.44273188178792,-70.63091691132955},{-33.45232537371115,-70.62873099889346},{-33.453532371395745,-70.62233954775238},{-33.45292285540593,-70.61600170457301},{-33.43983625878352,-70.6183158755004}}'::double precision[]);
INSERT INTO neighborhoods (id, description, coordinates) VALUES (5, '"El Pueblito de los Dominicos es un encantador mercado artesanal que combina el sabor tradicional chileno con un entorno urbano de libre acceso. Explora una amplia variedad de productos: artesanía en plata, cobre, madera, lapislázuli, cuero, telas y más, creados por artistas y artesanos de todas las regiones de Chile. Desde sus orígenes en los años 70–80, cuando artesanos empezaron a instalarse junto a la iglesia San Vicente Ferrer (o de los Dominicos) y los antiguos graneros del fundo Apoquindo, el recinto ha crecido y se ha convertido en una "zona típica" de Santiago: calles de tierra, casas de adobe y paja, y una atmósfera que invita a pasear con calma."', '{{-33.40895172147666,-70.54186989391415},{-33.40851287524909,-70.54006744947617},{-33.40571853706399,-70.54119397724992},{-33.40600513998891,-70.54284621798472}}'::double precision[]);
INSERT INTO neighborhoods (id, description, coordinates) VALUES (6, 'El Barrio El Golf se encuentra en la comuna de Las Condes, en el oriente de Santiago. Este barrio combina un pasado aristocrático —con mansiones de los años 30 y 40— con una actualidad de rascacielos, oficinas de empresas importantes y una de las más dinámicas ofertas de gastronomía y cultura de la ciudad. Es famoso también por sus avenidas clave, como Isidora Goyenechea, repleta de restaurantes, cafés y bares. Además, el sector destaca por su vida cultural, con espacios como el Teatro Municipal de Las Condes, el Museo Interactivo Las Condes (MUI) y el Museo Histórico Militar, que complementan su propuesta urbana moderna con arte, historia y experiencias interactivas únicas.', '{{-33.4142878099928,-70.58484737546335},{-33.41800168019287,-70.60138386418967},{-33.41689912999962,-70.60480104818959},{-33.41154370937663,-70.60281052074758},{-33.41262668807855,-70.5975498410487},{-33.41265635853866,-70.59502613661333},{-33.410564566273266,-70.58690407367624}}'::double precision[]);
INSERT INTO neighborhoods (id, description, coordinates) VALUES (7, '“Ubicado en Providencia, en torno a la calle Triana, este barrio ha crecido como un espacio de talleres, ferias y actividades culturales de pequeña escala. Sus calles interiores reúnen tiendas, librerías, oficios y algunas cafeterías, con un perfil más familiar y barrial. Es apropiado para quienes prefieren recorridos tranquilos, en un entorno que mezcla lo residencial con una oferta cultural emergente. Su arquitectura está inspirada en pueblos franceses y las construcciones datan de la primera mitad del siglo XX.”', '{{-33.43246378880499,-70.6250690713465},{-33.43315009618783,-70.62583501855782},{-33.434273744597206,-70.62448050138413},{-33.4336816442547,-70.62331142406161},{-33.43339232102713,-70.62343236309496}}'::double precision[]);
INSERT INTO neighborhoods (id, description, coordinates) VALUES (8, '"Barrio tradicional al sur del centro de Santiago, conocido por el Persa Bío Bío y su red de galpones llenos de antigüedades, ropa usada, música, libros y comida. Se ha revitalizado en los últimos años con espacios culturales como la Factoría Franklin, que combina arte, gastronomía y oficios contemporáneos. Es un lugar muy concurrido los fines de semana, especialmente por quienes buscan exploración urbana, compras informales o descubrir iniciativas independientes."', '{{-33.47463572630118,-70.63500460706025},{-33.46990344526439,-70.6362995670762},{-33.47131801287048,-70.65134576916604},{-33.471549485371334,-70.65140743392871},{-33.471858114410686,-70.65439817491789},{-33.47661600633514,-70.6540281863419},{-33.476744594382836,-70.64823169865154},{-33.47625595878632,-70.6401227823613}}'::double precision[]);
INSERT INTO neighborhoods (id, description, coordinates) VALUES (9, 'Pequeño sector patrimonial en pleno centro de Santiago, caracterizado por su arquitectura de inspiración europea y callejones adoquinados. Es un lugar de paso breve, ideal para caminar y observar detalles arquitectónicos, con algunos cafés, tiendas y espacios de diseño. Su ambiente es tranquilo y su escala íntima lo hace atractivo para caminantes y fotógrafos. Además, una vez al mes se realiza el "Mercado París-Londres", un evento que une arte, música y vida urbana, transformando sus calles en un punto de encuentro para creadores, vecinos y visitantes que buscan disfrutar del patrimonio de manera viva y contemporánea.', '{{-33.44549943690642,-70.64712662889296},{-33.443144958590985,-70.64717578722913},{-33.443834080810234,-70.64954521903292},{-33.44589321101409,-70.6491519523435}}'::double precision[]);
INSERT INTO neighborhoods (id, description, coordinates) VALUES (10, 'Barrio ubicado entre el cerro San Cristóbal y el río Mapocho, con un carácter diverso que combina residencias antiguas, centros culturales, ferias artesanales y una amplia vida nocturna. Durante el día, es común ver recorridos turísticos hacia la Casa Museo La Chascona o el acceso al Parque Metropolitano; por la noche, se activa con una oferta extensa de locales de entretenimiento. Es un sector concurrido y heterogéneo, que convoca a quienes buscan actividades culturales y recreativas en un solo lugar.', '{{-33.4341438228123,-70.6327916113611},{-33.431832559057405,-70.63375145085328},{-33.43131522804357,-70.63423137060063},{-33.43046357726609,-70.63623152096957},{-33.42794256291342,-70.63968668711246},{-33.428945918525166,-70.64166684082572},{-33.43347352186487,-70.64247506682457},{-33.43465386383628,-70.63873702158678},{-33.43485620658712,-70.63556473453487}}'::double precision[]);
INSERT INTO neighborhoods (id, description, coordinates) VALUES (11, '"Barrio tradicional al sur del centro de Santiago, conocido por el Persa Bío Bío y su red de galpones llenos de antigüedades, ropa usada, música, libros y comida. Se ha revitalizado en los últimos años con espacios culturales como la Factoría Franklin, que combina arte, gastronomía y oficios contemporáneos. Es un lugar muy concurrido los fines de semana, especialmente por quienes buscan exploración urbana, compras informales o descubrir iniciativas independientes."', '{{-33.42027953387791,-70.60709301617966},{-33.42128318401832,-70.60908309026684},{-33.41963390484867,-70.61029260525974},{-33.41855230444424,-70.60910429087672}}'::double precision[]);

INSERT INTO venues (id, neighborhood_id, name, type, description, stars, coordinates, schedule) VALUES (1, 10, 'Bar El Clan', 'Bar', NULL, NULL, '{-33.42980076325876,-70.63858401394904}'::double precision[], NULL);
INSERT INTO venues (id, neighborhood_id, name, type, description, stars, coordinates, schedule) VALUES (2, NULL, 'Bar Grez', 'Bar', NULL, NULL, '{-33.42966568458763,-70.61893429447682}'::double precision[], NULL);
INSERT INTO venues (id, neighborhood_id, name, type, description, stars, coordinates, schedule) VALUES (3, 10, 'Thelonious Club de Jazz', 'Bar', NULL, NULL, '{-33.43001423057527,-70.63920070476833}'::double precision[], NULL);
INSERT INTO venues (id, neighborhood_id, name, type, description, stars, coordinates, schedule) VALUES (4, NULL, 'Club de Jazz de Santiago', 'Bar', NULL, NULL, '{-33.45231497417699,-70.57047927393072}'::double precision[], NULL);
INSERT INTO venues (id, neighborhood_id, name, type, description, stars, coordinates, schedule) VALUES (5, NULL, 'Bar La Capital', 'Bar', NULL, NULL, '{-33.42559096049821,-70.61238033763951}'::double precision[], NULL);
INSERT INTO venues (id, neighborhood_id, name, type, description, stars, coordinates, schedule) VALUES (6, 2, 'Bar El Bajo', 'Bar', NULL, NULL, '{-33.43891592783148,-70.6398738096737}'::double precision[], NULL);
INSERT INTO venues (id, neighborhood_id, name, type, description, stars, coordinates, schedule) VALUES (7, NULL, 'Club de San Miguel', 'Bar', NULL, NULL, '{-33.487195180829545,-70.65127685048918}'::double precision[], NULL);
INSERT INTO venues (id, neighborhood_id, name, type, description, stars, coordinates, schedule) VALUES (8, NULL, 'La Batuta', 'Bar', NULL, NULL, '{-33.45461866662054,-70.59436495122173}'::double precision[], NULL);
INSERT INTO venues (id, neighborhood_id, name, type, description, stars, coordinates, schedule) VALUES (9, NULL, 'Backroom Bar', 'Bar', NULL, NULL, '{-33.4261909633157,-70.62042469403367}'::double precision[], NULL);
INSERT INTO venues (id, neighborhood_id, name, type, description, stars, coordinates, schedule) VALUES (10, NULL, 'Ambar Restobar', 'Bar', NULL, NULL, '{-33.423071956508245,-70.61174386997435}'::double precision[], NULL);
INSERT INTO venues (id, neighborhood_id, name, type, description, stars, coordinates, schedule) VALUES (11, 4, 'Palermo Teatro Bar', 'Bar', NULL, NULL, '{-33.44402552434307,-70.6197033595779}'::double precision[], NULL);
INSERT INTO venues (id, neighborhood_id, name, type, description, stars, coordinates, schedule) VALUES (12, 4, 'Galpón Italia', 'Bar', NULL, NULL, '{-33.445426833278866,-70.6256204042333}'::double precision[], NULL);
INSERT INTO venues (id, neighborhood_id, name, type, description, stars, coordinates, schedule) VALUES (13, NULL, 'Onaciu', 'Bar', NULL, NULL, '{-33.428451113931324,-70.64100168090395}'::double precision[], NULL);
INSERT INTO venues (id, neighborhood_id, name, type, description, stars, coordinates, schedule) VALUES (14, NULL, 'Bar Victoria', 'Bar', NULL, NULL, '{-33.478669516475335,-70.66156410616627}'::double precision[], NULL);
INSERT INTO venues (id, neighborhood_id, name, type, description, stars, coordinates, schedule) VALUES (15, NULL, 'Bar La Puerta Amarilla', 'Bar', NULL, NULL, '{-33.45141813259499,-70.553924076592}'::double precision[], NULL);
INSERT INTO venues (id, neighborhood_id, name, type, description, stars, coordinates, schedule) VALUES (16, 4, 'Bar de René', 'Bar', NULL, NULL, '{-33.44678671777035,-70.62636539324014}'::double precision[], NULL);
INSERT INTO venues (id, neighborhood_id, name, type, description, stars, coordinates, schedule) VALUES (17, NULL, 'Fortunatos Bar', 'Bar', NULL, NULL, '{-33.40055290220389,-70.72128885463914}'::double precision[], NULL);
INSERT INTO venues (id, neighborhood_id, name, type, description, stars, coordinates, schedule) VALUES (18, NULL, 'Gran Refugio Barrio Italia', 'Bar', NULL, NULL, '{-33.44063668543429,-70.62785557087872}'::double precision[], NULL);
INSERT INTO venues (id, neighborhood_id, name, type, description, stars, coordinates, schedule) VALUES (19, NULL, 'Gran Refugio Mall Plaza Egaña', 'Bar', NULL, NULL, '{-33.45240062070235,-70.56946126544912}'::double precision[], NULL);
INSERT INTO venues (id, neighborhood_id, name, type, description, stars, coordinates, schedule) VALUES (20, 4, 'Comedy Restobar', 'Bar', NULL, NULL, '{-33.448847601231606,-70.62792970185158}'::double precision[], NULL);
INSERT INTO venues (id, neighborhood_id, name, type, description, stars, coordinates, schedule) VALUES (21, NULL, 'Honesto Mike Vitacura', 'Bar', NULL, NULL, '{-33.39871936650379,-70.58641476492093}'::double precision[], NULL);
INSERT INTO venues (id, neighborhood_id, name, type, description, stars, coordinates, schedule) VALUES (22, 2, 'Honesto Mike Barrio Lastarria', 'Bar', NULL, NULL, '{-33.43918688340906,-70.6414058116197}'::double precision[], NULL);
INSERT INTO venues (id, neighborhood_id, name, type, description, stars, coordinates, schedule) VALUES (23, NULL, 'Honesto Mike Providencia', 'Bar', NULL, NULL, '{-33.42078048208573,-70.60527378530806}'::double precision[], NULL);
INSERT INTO venues (id, neighborhood_id, name, type, description, stars, coordinates, schedule) VALUES (24, 4, 'Doble Standup', 'Bar', NULL, NULL, '{-33.44678240154472,-70.62653884778643}'::double precision[], NULL);
INSERT INTO venues (id, neighborhood_id, name, type, description, stars, coordinates, schedule) VALUES (25, 10, 'Bar Loreto', 'Bar', NULL, NULL, '{-33.428605667725655,-70.6407224607673}'::double precision[], NULL);
INSERT INTO venues (id, neighborhood_id, name, type, description, stars, coordinates, schedule) VALUES (26, 10, 'Teatro Fiebre Bar', 'Bar', NULL, NULL, '{-33.43314767205075,-70.63379916496515}'::double precision[], NULL);
INSERT INTO venues (id, neighborhood_id, name, type, description, stars, coordinates, schedule) VALUES (27, 4, 'El Cachafaz', 'Bar', NULL, NULL, '{-33.449849598636995,-70.6241799043254}'::double precision[], NULL);
INSERT INTO venues (id, neighborhood_id, name, type, description, stars, coordinates, schedule) VALUES (28, NULL, 'Casa Conejo', 'Bar', NULL, NULL, '{-33.45505569670978,-70.59209846967597}'::double precision[], NULL);
INSERT INTO venues (id, neighborhood_id, name, type, description, stars, coordinates, schedule) VALUES (29, 10, 'Club Chocolate', 'Club', NULL, NULL, '{-33.43233257500305,-70.63732339273174}'::double precision[], NULL);
INSERT INTO venues (id, neighborhood_id, name, type, description, stars, coordinates, schedule) VALUES (30, NULL, 'Cajacústica', 'Club', NULL, NULL, '{-33.437430223265004,-70.66860804263416}'::double precision[], NULL);
INSERT INTO venues (id, neighborhood_id, name, type, description, stars, coordinates, schedule) VALUES (31, 1, 'Blondie', 'Club', NULL, NULL, '{-33.449209002186635,-70.67383953068637}'::double precision[], NULL);
INSERT INTO venues (id, neighborhood_id, name, type, description, stars, coordinates, schedule) VALUES (32, NULL, 'La Feria Club', 'Club', NULL, NULL, '{-33.43086489363232,-70.63503493243249}'::double precision[], NULL);
INSERT INTO venues (id, neighborhood_id, name, type, description, stars, coordinates, schedule) VALUES (33, NULL, 'Club Subterráneo', 'Club', NULL, NULL, '{-33.4234162713485,-70.61121490553055}'::double precision[], NULL);
INSERT INTO venues (id, neighborhood_id, name, type, description, stars, coordinates, schedule) VALUES (34, 10, 'Club Ambar', 'Club', NULL, NULL, '{-33.432694460202306,-70.63730962489484}'::double precision[], NULL);
INSERT INTO venues (id, neighborhood_id, name, type, description, stars, coordinates, schedule) VALUES (35, NULL, 'Club Room (SCL)', 'Club', NULL, NULL, '{-33.43067775292915,-70.64539611168497}'::double precision[], NULL);
INSERT INTO venues (id, neighborhood_id, name, type, description, stars, coordinates, schedule) VALUES (36, NULL, 'Club Amanda', 'Club', NULL, NULL, '{-33.3877366693957,-70.5684405635871}'::double precision[], NULL);
INSERT INTO venues (id, neighborhood_id, name, type, description, stars, coordinates, schedule) VALUES (37, NULL, 'Bar El Túnel', 'Bar', NULL, NULL, '{-33.43607568664412,-70.64383619786109}'::double precision[], NULL);
INSERT INTO venues (id, neighborhood_id, name, type, description, stars, coordinates, schedule) VALUES (38, 10, 'Illuminati Disco', 'Club', NULL, NULL, '{-33.4317314575788,-70.63927237375948}'::double precision[], NULL);
INSERT INTO venues (id, neighborhood_id, name, type, description, stars, coordinates, schedule) VALUES (39, NULL, 'Sala Gente-Omnium', 'Club', NULL, NULL, '{-33.411669725780044,-70.5781341580304}'::double precision[], NULL);
INSERT INTO venues (id, neighborhood_id, name, type, description, stars, coordinates, schedule) VALUES (40, NULL, 'Centro Parque', 'Club', NULL, NULL, '{-33.40337437829904,-70.5751495}'::double precision[], NULL);
INSERT INTO venues (id, neighborhood_id, name, type, description, stars, coordinates, schedule) VALUES (41, NULL, 'Parque Padre Hurtado', 'Arena', NULL, NULL, '{-33.42997595087368,-70.54734143141206}'::double precision[], NULL);
INSERT INTO venues (id, neighborhood_id, name, type, description, stars, coordinates, schedule) VALUES (42, NULL, 'Espacio Riesco', 'Club', NULL, NULL, '{-33.38531104539732,-70.62222404232811}'::double precision[], NULL);
INSERT INTO venues (id, neighborhood_id, name, type, description, stars, coordinates, schedule) VALUES (43, NULL, 'Teatro Alicia', 'Club', NULL, NULL, '{-33.36206791032633,-70.49358583127508}'::double precision[], NULL);
INSERT INTO venues (id, neighborhood_id, name, type, description, stars, coordinates, schedule) VALUES (44, NULL, 'Gran Sala Sinfónica Nacional', 'Sala de Concierto', NULL, NULL, '{-33.43832652460849,-70.63455636219466}'::double precision[], NULL);
INSERT INTO venues (id, neighborhood_id, name, type, description, stars, coordinates, schedule) VALUES (45, 4, 'Omnilab Sound', 'Sala de Concierto', NULL, NULL, '{-33.44672409055432,-70.62617497371818}'::double precision[], NULL);
INSERT INTO venues (id, neighborhood_id, name, type, description, stars, coordinates, schedule) VALUES (46, NULL, 'Sala Master', 'Sala de Concierto', NULL, NULL, '{-33.43430885606727,-70.61976881296576}'::double precision[], NULL);
INSERT INTO venues (id, neighborhood_id, name, type, description, stars, coordinates, schedule) VALUES (47, 10, 'Sala Metrónomo', 'Sala de Concierto', NULL, NULL, '{-33.4326998018321,-70.63701723201608}'::double precision[], NULL);
INSERT INTO venues (id, neighborhood_id, name, type, description, stars, coordinates, schedule) VALUES (48, 10, 'Sala SCD Bellavista', 'Sala de Concierto', NULL, NULL, '{-33.43046275279192,-70.63875052959473}'::double precision[], NULL);
INSERT INTO venues (id, neighborhood_id, name, type, description, stars, coordinates, schedule) VALUES (49, NULL, 'Sala SCD Plaza Egaña', 'Sala de Concierto', NULL, NULL, '{-33.45293734470125,-70.56995727149675}'::double precision[], NULL);
INSERT INTO venues (id, neighborhood_id, name, type, description, stars, coordinates, schedule) VALUES (50, 2, 'CityLab GAM', 'Sala de Concierto', NULL, NULL, '{-33.43928691794217,-70.63962987379348}'::double precision[], NULL);
INSERT INTO venues (id, neighborhood_id, name, type, description, stars, coordinates, schedule) VALUES (51, NULL, 'Teatro Nescafé de las Artes', 'Teatro', NULL, NULL, '{-33.42851845633688,-70.62066808123431}'::double precision[], NULL);
INSERT INTO venues (id, neighborhood_id, name, type, description, stars, coordinates, schedule) VALUES (52, NULL, 'Centro Cultural Lo Prado', 'Teatro', NULL, NULL, '{-33.44206788470347,-70.71800567513279}'::double precision[], NULL);
INSERT INTO venues (id, neighborhood_id, name, type, description, stars, coordinates, schedule) VALUES (53, NULL, 'Teatro Municipal de Santiago', 'Teatro', NULL, NULL, '{-33.440626215722425,-70.64759029982535}'::double precision[], NULL);
INSERT INTO venues (id, neighborhood_id, name, type, description, stars, coordinates, schedule) VALUES (54, NULL, 'Teatro Finis Terrae', 'Teatro', NULL, NULL, '{-33.43656554942009,-70.608988380037}'::double precision[], NULL);
INSERT INTO venues (id, neighborhood_id, name, type, description, stars, coordinates, schedule) VALUES (55, NULL, 'Teatro Cariola', 'Teatro', NULL, NULL, '{-33.44816241104326,-70.65081600565006}'::double precision[], NULL);
INSERT INTO venues (id, neighborhood_id, name, type, description, stars, coordinates, schedule) VALUES (56, NULL, 'Teatro Roma', 'Teatro', NULL, NULL, '{-33.44816241104326,-70.65081600565006}'::double precision[], NULL);
INSERT INTO venues (id, neighborhood_id, name, type, description, stars, coordinates, schedule) VALUES (57, NULL, 'Teatro Caupolicán', 'Teatro', NULL, NULL, '{-33.456203713872206,-70.6495434352539}'::double precision[], NULL);
INSERT INTO venues (id, neighborhood_id, name, type, description, stars, coordinates, schedule) VALUES (58, NULL, 'Teatro Camilo Henríquez', 'Teatro', NULL, NULL, '{-33.443901335740485,-70.65564519690966}'::double precision[], NULL);
INSERT INTO venues (id, neighborhood_id, name, type, description, stars, coordinates, schedule) VALUES (59, 6, 'Teatro Municipal de Las Condes', 'Teatro', NULL, NULL, '{-33.416383709846016,-70.59579267104418}'::double precision[], NULL);
INSERT INTO venues (id, neighborhood_id, name, type, description, stars, coordinates, schedule) VALUES (60, NULL, 'Teatro Oriente', 'Teatro', NULL, NULL, '{-33.422694040711185,-70.61310044905866}'::double precision[], NULL);
INSERT INTO venues (id, neighborhood_id, name, type, description, stars, coordinates, schedule) VALUES (61, 2, 'Teatro Ictus (Sala La Comedia)', 'Teatro', NULL, NULL, '{-33.43725808413139,-70.6420804910253}'::double precision[], NULL);
INSERT INTO venues (id, neighborhood_id, name, type, description, stars, coordinates, schedule) VALUES (62, NULL, 'Teatro UC', 'Teatro', NULL, NULL, '{-33.45493662276917,-70.59422046495764}'::double precision[], NULL);
INSERT INTO venues (id, neighborhood_id, name, type, description, stars, coordinates, schedule) VALUES (63, NULL, 'Teatro Universidad de Chile', 'Teatro', NULL, NULL, '{-33.437649302114195,-70.63428171308297}'::double precision[], NULL);
INSERT INTO venues (id, neighborhood_id, name, type, description, stars, coordinates, schedule) VALUES (64, 10, 'Teatro San Ginés', 'Teatro', NULL, NULL, '{-33.4326277838056,-70.63357771679543}'::double precision[], NULL);
INSERT INTO venues (id, neighborhood_id, name, type, description, stars, coordinates, schedule) VALUES (65, NULL, 'Teatro Coliseo', 'Teatro', NULL, NULL, '{-33.44578503431153,-70.65414212763493}'::double precision[], NULL);
INSERT INTO venues (id, neighborhood_id, name, type, description, stars, coordinates, schedule) VALUES (66, NULL, 'Teatro La Memoria', 'Teatro', NULL, NULL, '{-33.43160509112975,-70.62878174316435}'::double precision[], NULL);
INSERT INTO venues (id, neighborhood_id, name, type, description, stars, coordinates, schedule) VALUES (67, 1, 'Teatro Novedades', 'Teatro', NULL, NULL, '{-33.44249392487057,-70.67218834960406}'::double precision[], NULL);
INSERT INTO venues (id, neighborhood_id, name, type, description, stars, coordinates, schedule) VALUES (68, NULL, 'Teatro Zoco', 'Teatro', NULL, NULL, '{-33.35840099769287,-70.51750121779101}'::double precision[], NULL);
INSERT INTO venues (id, neighborhood_id, name, type, description, stars, coordinates, schedule) VALUES (69, NULL, 'Estadio Bicentenario, La Florida', 'Arena', NULL, NULL, '{-33.54066844679753,-70.57821448000956}'::double precision[], NULL);
INSERT INTO venues (id, neighborhood_id, name, type, description, stars, coordinates, schedule) VALUES (70, NULL, 'Movistar Arena', 'Arena', NULL, NULL, '{-33.46254127327795,-70.66164135582028}'::double precision[], NULL);
INSERT INTO venues (id, neighborhood_id, name, type, description, stars, coordinates, schedule) VALUES (71, NULL, 'Estadio Nacional', 'Arena', NULL, NULL, '{-33.46392823393866,-70.61043975820299}'::double precision[], NULL);
INSERT INTO venues (id, neighborhood_id, name, type, description, stars, coordinates, schedule) VALUES (72, NULL, 'Estadio Monumental', 'Arena', NULL, NULL, '{-33.50664493057506,-70.60601250452319}'::double precision[], NULL);
INSERT INTO venues (id, neighborhood_id, name, type, description, stars, coordinates, schedule) VALUES (73, NULL, 'Claro Arena', 'Arena', NULL, NULL, '{-33.39575004432525,-70.50065244703555}'::double precision[], NULL);
INSERT INTO venues (id, neighborhood_id, name, type, description, stars, coordinates, schedule) VALUES (74, NULL, 'Estadio Santa Laura', 'Arena', NULL, NULL, '{-33.40450270879908,-70.6590159}'::double precision[], NULL);
INSERT INTO venues (id, neighborhood_id, name, type, description, stars, coordinates, schedule) VALUES (75, NULL, 'Parque Bicentenario Vitacura', 'Arena', NULL, NULL, '{-33.39850912328684,-70.60249413142414}'::double precision[], NULL);
INSERT INTO venues (id, neighborhood_id, name, type, description, stars, coordinates, schedule) VALUES (76, NULL, 'Parque O''Higgins', 'Arena', NULL, NULL, '{-33.46323812388637,-70.65995312788604}'::double precision[], NULL);
INSERT INTO venues (id, neighborhood_id, name, type, description, stars, coordinates, schedule) VALUES (77, NULL, 'Museo Bellas Artes', 'Museo', NULL, NULL, '{-33.43538665740446,-70.64333980434598}'::double precision[], NULL);
INSERT INTO venues (id, neighborhood_id, name, type, description, stars, coordinates, schedule) VALUES (78, NULL, 'Museo de Arte Contemporáneo (MAC)', 'Museo', NULL, NULL, '{-33.43508978033647,-70.6444433016609}'::double precision[], NULL);
INSERT INTO venues (id, neighborhood_id, name, type, description, stars, coordinates, schedule) VALUES (79, NULL, 'Museo de Arte Contemporáneo (MAC) – Quinta Normal', 'Museo', NULL, NULL, '{-33.44221402908804,-70.68059997251073}'::double precision[], NULL);
INSERT INTO venues (id, neighborhood_id, name, type, description, stars, coordinates, schedule) VALUES (80, 1, 'Museo de la Memoria y los Derechos Humanos', 'Museo', NULL, NULL, '{-33.43973649504119,-70.6793864696098}'::double precision[], NULL);
INSERT INTO venues (id, neighborhood_id, name, type, description, stars, coordinates, schedule) VALUES (81, NULL, 'Museo Chileno de Arte Precolombino', 'Museo', NULL, NULL, '{-33.4388369352375,-70.65238260381909}'::double precision[], NULL);
INSERT INTO venues (id, neighborhood_id, name, type, description, stars, coordinates, schedule) VALUES (82, NULL, 'Museo Nacional de Historia Natural', 'Museo', NULL, NULL, '{-33.44176467196667,-70.68159793022969}'::double precision[], NULL);
INSERT INTO venues (id, neighborhood_id, name, type, description, stars, coordinates, schedule) VALUES (83, NULL, 'Museo Nacional Aeronáutico y del Espacio', 'Museo', NULL, NULL, '{-33.487660973949694,-70.69684118650783}'::double precision[], NULL);
INSERT INTO venues (id, neighborhood_id, name, type, description, stars, coordinates, schedule) VALUES (84, NULL, 'Museo Histórico Nacional', 'Museo', NULL, NULL, '{-33.43716681114152,-70.65067754334925}'::double precision[], NULL);
INSERT INTO venues (id, neighborhood_id, name, type, description, stars, coordinates, schedule) VALUES (85, NULL, 'Museo de la Solidaridad Salvador Allende', 'Museo', NULL, NULL, '{-33.45422738498932,-70.66741076855038}'::double precision[], NULL);
INSERT INTO venues (id, neighborhood_id, name, type, description, stars, coordinates, schedule) VALUES (86, NULL, 'Museo Palacio Cousiño', 'Museo', NULL, NULL, '{-33.4521575039056,-70.65662434158598}'::double precision[], NULL);
INSERT INTO venues (id, neighborhood_id, name, type, description, stars, coordinates, schedule) VALUES (87, NULL, 'Casa Museo La Chascona', 'Museo', NULL, NULL, '{-33.43117923870091,-70.6344398741065}'::double precision[], NULL);
INSERT INTO venues (id, neighborhood_id, name, type, description, stars, coordinates, schedule) VALUES (88, NULL, 'Museo Interactivo Mirador (MIM)', 'Museo', NULL, NULL, '{-33.519438192179805,-70.61194956909661}'::double precision[], NULL);
INSERT INTO venues (id, neighborhood_id, name, type, description, stars, coordinates, schedule) VALUES (89, 6, 'Museo Interactivo Las Condes (MUI)', 'Museo', NULL, NULL, '{-33.414287795484995,-70.59542030069186}'::double precision[], NULL);
INSERT INTO venues (id, neighborhood_id, name, type, description, stars, coordinates, schedule) VALUES (90, 2, 'Museo de Artes Visuales (MAVI)', 'Museo', NULL, NULL, '{-33.437639921938654,-70.64077812455473}'::double precision[], NULL);
INSERT INTO venues (id, neighborhood_id, name, type, description, stars, coordinates, schedule) VALUES (91, NULL, 'Museo Postal y Telegráfico', 'Museo', NULL, NULL, '{-33.436969675286086,-70.65111351729281}'::double precision[], NULL);
INSERT INTO venues (id, neighborhood_id, name, type, description, stars, coordinates, schedule) VALUES (92, 1, 'Museo de la Educación', 'Museo', NULL, NULL, '{-33.44150722536162,-70.6785684238447}'::double precision[], NULL);
INSERT INTO venues (id, neighborhood_id, name, type, description, stars, coordinates, schedule) VALUES (93, NULL, 'Museo Violeta Parra', 'Museo', NULL, NULL, '{-33.43861750361711,-70.63506779065014}'::double precision[], NULL);
INSERT INTO venues (id, neighborhood_id, name, type, description, stars, coordinates, schedule) VALUES (94, NULL, 'Espacio Incluir', 'Centro Cultural', NULL, NULL, '{-33.456085,-70.610864}'::double precision[], NULL);
INSERT INTO venues (id, neighborhood_id, name, type, description, stars, coordinates, schedule) VALUES (95, NULL, 'Centro Cultural La Moneda (CCPLM)', 'Centro Cultural', NULL, NULL, '{-33.44388889,-70.65361111}'::double precision[], NULL);
INSERT INTO venues (id, neighborhood_id, name, type, description, stars, coordinates, schedule) VALUES (96, 2, 'Centro Cultural GAM', 'Centro Cultural', NULL, NULL, '{-33.43908333,-70.63972778}'::double precision[], NULL);
INSERT INTO venues (id, neighborhood_id, name, type, description, stars, coordinates, schedule) VALUES (97, NULL, 'Centro Cultural Estación Mapocho', 'Centro Cultural', NULL, NULL, '{-33.431,-70.6449}'::double precision[], NULL);
INSERT INTO venues (id, neighborhood_id, name, type, description, stars, coordinates, schedule) VALUES (98, NULL, 'Centro Cultural Matucana 100', 'Centro Cultural', NULL, NULL, '{-33.4448585207598,-70.67955762698698}'::double precision[], NULL);
INSERT INTO venues (id, neighborhood_id, name, type, description, stars, coordinates, schedule) VALUES (99, NULL, 'Centro Cultural Palacio de la Alhambra (SNBA)', 'Centro Cultural', NULL, NULL, '{-33.4394,-70.6533}'::double precision[], NULL);
INSERT INTO venues (id, neighborhood_id, name, type, description, stars, coordinates, schedule) VALUES (100, NULL, 'Centro Cultural Montecarmelo', 'Centro Cultural', NULL, NULL, '{-33.4287,-70.617}'::double precision[], NULL);
INSERT INTO venues (id, neighborhood_id, name, type, description, stars, coordinates, schedule) VALUES (101, NULL, 'Centro Cultural de España', 'Centro Cultural', NULL, NULL, '{-33.4324,-70.6309}'::double precision[], NULL);
INSERT INTO venues (id, neighborhood_id, name, type, description, stars, coordinates, schedule) VALUES (102, NULL, 'Centro Arte Alameda', 'Centro Cultural', NULL, NULL, '{-33.44198,-70.6353}'::double precision[], NULL);
INSERT INTO venues (id, neighborhood_id, name, type, description, stars, coordinates, schedule) VALUES (103, NULL, 'Centro Cultural El Tranque', 'Centro Cultural', NULL, NULL, '{-33.3646,-70.5178}'::double precision[], NULL);
INSERT INTO venues (id, neighborhood_id, name, type, description, stars, coordinates, schedule) VALUES (104, NULL, 'Corporación Cultural de Ñuñoa (Casa de la Cultura)', 'Centro Cultural', NULL, NULL, '{-33.4562,-70.6028}'::double precision[], NULL);
INSERT INTO venues (id, neighborhood_id, name, type, description, stars, coordinates, schedule) VALUES (105, NULL, 'Centro Cultural Las Condes', 'Centro Cultural', NULL, NULL, '{-33.4099,-70.5482}'::double precision[], NULL);
INSERT INTO venues (id, neighborhood_id, name, type, description, stars, coordinates, schedule) VALUES (106, NULL, 'Casona Nemesio Antúnez', 'Centro Cultural', NULL, NULL, '{-33.45053015168082,-70.54321310369704}'::double precision[], NULL);
INSERT INTO venues (id, neighborhood_id, name, type, description, stars, coordinates, schedule) VALUES (107, NULL, 'Centro Cultural Rojas Magallanes', 'Centro Cultural', NULL, NULL, '{-33.5224,-70.5795}'::double precision[], NULL);
INSERT INTO venues (id, neighborhood_id, name, type, description, stars, coordinates, schedule) VALUES (108, NULL, 'Centro Patrimonial Posada del Corregidor', 'Centro Cultural', NULL, NULL, '{-33.4373,-70.6489}'::double precision[], NULL);
INSERT INTO venues (id, neighborhood_id, name, type, description, stars, coordinates, schedule) VALUES (109, NULL, 'Centro Nacional de Arte Contemporáneo Cerrillos', 'Centro Cultural', NULL, NULL, '{-33.4932,-70.6884}'::double precision[], NULL);
INSERT INTO venues (id, neighborhood_id, name, type, description, stars, coordinates, schedule) VALUES (110, 2, 'Cine El Biógrafo', 'Cine', NULL, NULL, '{-33.43903,-70.64235}'::double precision[], NULL);
INSERT INTO venues (id, neighborhood_id, name, type, description, stars, coordinates, schedule) VALUES (111, NULL, 'Cine Normandie', 'Cine', NULL, NULL, '{-33.44828,-70.64222}'::double precision[], NULL);
INSERT INTO venues (id, neighborhood_id, name, type, description, stars, coordinates, schedule) VALUES (112, NULL, 'Sala Nemesio', 'Cine', NULL, NULL, '{-33.45039587557314,-70.54301998465799}'::double precision[], NULL);
INSERT INTO venues (id, neighborhood_id, name, type, description, stars, coordinates, schedule) VALUES (113, NULL, 'Sala K U.Mayor', 'Cine', NULL, NULL, '{-33.4551,-70.6272}'::double precision[], NULL);
INSERT INTO venues (id, neighborhood_id, name, type, description, stars, coordinates, schedule) VALUES (114, NULL, 'Cineteca Nacional Centro Cultural La Moneda', 'Cine', NULL, NULL, '{-33.4422,-70.6537}'::double precision[], NULL);
INSERT INTO venues (id, neighborhood_id, name, type, description, stars, coordinates, schedule) VALUES (115, 9, 'Cineteca U de Chile', 'Cine', NULL, NULL, '{-33.4439,-70.6479}'::double precision[], NULL);
INSERT INTO venues (id, neighborhood_id, name, type, description, stars, coordinates, schedule) VALUES (116, NULL, 'Cine M100 Matucana', 'Cine', NULL, NULL, '{-33.444859,-70.679558}'::double precision[], NULL);
INSERT INTO venues (id, neighborhood_id, name, type, description, stars, coordinates, schedule) VALUES (117, 4, 'Centro de Cine y Creación', 'Cine', NULL, NULL, '{-33.44816,-70.62682}'::double precision[], NULL);
INSERT INTO venues (id, neighborhood_id, name, type, description, stars, coordinates, schedule) VALUES (118, 9, 'Sala Ceina-Centro Arte Alameda', 'Cine', NULL, NULL, '{-33.44472,-70.64911}'::double precision[], NULL);
INSERT INTO venues (id, neighborhood_id, name, type, description, stars, coordinates, schedule) VALUES (119, NULL, 'Cine UC', 'Cine', NULL, NULL, '{-33.44321,-70.65011}'::double precision[], NULL);
INSERT INTO venues (id, neighborhood_id, name, type, description, stars, coordinates, schedule) VALUES (120, NULL, 'Cinépolis La Reina', 'Cine', NULL, NULL, '{-33.44728563484071,-70.57089687116449}'::double precision[], NULL);
INSERT INTO venues (id, neighborhood_id, name, type, description, stars, coordinates, schedule) VALUES (121, NULL, 'Cinépolis Parque Arauco', 'Cine', NULL, NULL, '{-33.40349,-70.5776}'::double precision[], NULL);
INSERT INTO venues (id, neighborhood_id, name, type, description, stars, coordinates, schedule) VALUES (122, NULL, 'Cinépolis Plaza Egaña', 'Cine', NULL, NULL, '{-33.45618,-70.571}'::double precision[], NULL);
INSERT INTO venues (id, neighborhood_id, name, type, description, stars, coordinates, schedule) VALUES (123, NULL, 'Cinépolis Maipú', 'Cine', NULL, NULL, '{-33.5122,-70.7589}'::double precision[], NULL);
INSERT INTO venues (id, neighborhood_id, name, type, description, stars, coordinates, schedule) VALUES (124, NULL, 'Cinépolis Florida Center', 'Cine', NULL, NULL, '{-33.51093,-70.60652}'::double precision[], NULL);
INSERT INTO venues (id, neighborhood_id, name, type, description, stars, coordinates, schedule) VALUES (125, NULL, 'Cinépolis Plaza Vespucio', 'Cine', NULL, NULL, '{-33.52287,-70.59836}'::double precision[], NULL);
INSERT INTO venues (id, neighborhood_id, name, type, description, stars, coordinates, schedule) VALUES (126, NULL, 'Cinépolis Paseo Los Dominicos', 'Cine', NULL, NULL, '{-33.4091,-70.537}'::double precision[], NULL);
INSERT INTO venues (id, neighborhood_id, name, type, description, stars, coordinates, schedule) VALUES (127, NULL, 'Cinépolis Plaza Oeste', 'Cine', NULL, NULL, '{-33.4999,-70.7038}'::double precision[], NULL);
INSERT INTO venues (id, neighborhood_id, name, type, description, stars, coordinates, schedule) VALUES (128, NULL, 'Cinemark Alto Las Condes', 'Cine', NULL, NULL, '{-33.4006,-70.539}'::double precision[], NULL);
INSERT INTO venues (id, neighborhood_id, name, type, description, stars, coordinates, schedule) VALUES (129, NULL, 'Cinemark Mallplaza Vespucio', 'Cine', NULL, NULL, '{-33.52278,-70.5986}'::double precision[], NULL);
INSERT INTO venues (id, neighborhood_id, name, type, description, stars, coordinates, schedule) VALUES (130, NULL, 'Cinemark Plaza Norte', 'Cine', NULL, NULL, '{-33.3661,-70.678}'::double precision[], NULL);
INSERT INTO venues (id, neighborhood_id, name, type, description, stars, coordinates, schedule) VALUES (131, NULL, 'Cinemark Plaza Tobalaba', 'Cine', NULL, NULL, '{-33.5208,-70.5833}'::double precision[], NULL);
INSERT INTO venues (id, neighborhood_id, name, type, description, stars, coordinates, schedule) VALUES (132, NULL, 'Cinemark Mid Mall Maipú', 'Cine', NULL, NULL, '{-33.5028,-70.755}'::double precision[], NULL);
INSERT INTO venues (id, neighborhood_id, name, type, description, stars, coordinates, schedule) VALUES (133, NULL, 'Cinemark Mallplaza Oeste', 'Cine', NULL, NULL, '{-33.4999,-70.7038}'::double precision[], NULL);
INSERT INTO venues (id, neighborhood_id, name, type, description, stars, coordinates, schedule) VALUES (134, NULL, 'Cinemark Portal Ñuñoa', 'Cine', NULL, NULL, '{-33.4575,-70.6045}'::double precision[], NULL);
INSERT INTO venues (id, neighborhood_id, name, type, description, stars, coordinates, schedule) VALUES (135, NULL, 'Cineplanet Costanera Center', 'Cine', NULL, NULL, '{-33.4171,-70.606}'::double precision[], NULL);
INSERT INTO venues (id, neighborhood_id, name, type, description, stars, coordinates, schedule) VALUES (136, NULL, 'Cineplanet Plaza Tobalaba', 'Cine', NULL, NULL, '{-33.5867,-70.5692}'::double precision[], NULL);
INSERT INTO venues (id, neighborhood_id, name, type, description, stars, coordinates, schedule) VALUES (137, NULL, 'Cineplanet Mallplaza Alameda', 'Cine', NULL, NULL, '{-33.4562,-70.662}'::double precision[], NULL);
INSERT INTO venues (id, neighborhood_id, name, type, description, stars, coordinates, schedule) VALUES (138, NULL, 'Cineplanet Mallplaza Norte', 'Cine', NULL, NULL, '{-33.3663,-70.6782}'::double precision[], NULL);
INSERT INTO venues (id, neighborhood_id, name, type, description, stars, coordinates, schedule) VALUES (139, NULL, 'Cineplanet Florida Center', 'Cine', NULL, NULL, '{-33.5109,-70.6065}'::double precision[], NULL);
INSERT INTO venues (id, neighborhood_id, name, type, description, stars, coordinates, schedule) VALUES (140, NULL, 'Cineplanet San Carlos', 'Cine', NULL, NULL, '{-33.4032,-70.5068}'::double precision[], NULL);

INSERT INTO events (id, venue_id, name, type, category, keywords, description, price_range, event_date) VALUES (1, 94, 'Día del Blues', NULL, 'Música', '{}', 'Festival de blues con bandas locales e internacionales.', '{}'::double precision[], '2025-08-02');
INSERT INTO events (id, venue_id, name, type, category, keywords, description, price_range, event_date) VALUES (2, NULL, 'Santiago Country Folk', NULL, 'Música', '{}', 'Festival de música country y folk en vivo.', '{}'::double precision[], '2025-08-16');
INSERT INTO events (id, venue_id, name, type, category, keywords, description, price_range, event_date) VALUES (3, NULL, 'Traküm + La Psychoband', NULL, 'Música', '{}', 'Concierto de rock experimental y psicodélico.', '{}'::double precision[], '2025-08-02');
INSERT INTO events (id, venue_id, name, type, category, keywords, description, price_range, event_date) VALUES (4, 1, 'Lanzamiento Yo Invito', NULL, 'Música', '{}', 'Presentación del nuevo álbum de Yo Invito.', '{}'::double precision[], '2025-08-05');
INSERT INTO events (id, venue_id, name, type, category, keywords, description, price_range, event_date) VALUES (5, 51, 'Generis Tributo', NULL, 'Música', '{}', 'Tributo a la banda Génesis con músicos locales.', '{}'::double precision[], '2025-08-07');
INSERT INTO events (id, venue_id, name, type, category, keywords, description, price_range, event_date) VALUES (6, NULL, 'Acustibardo en Santiago', NULL, 'Música', '{}', 'Concierto acústico con la banda Acustibardo.', '{}'::double precision[], '2025-08-16');
INSERT INTO events (id, venue_id, name, type, category, keywords, description, price_range, event_date) VALUES (7, 46, 'Raquel Sofía en Sala Master', NULL, 'Música', '{}', 'Concierto íntimo de la cantante Raquel Sofía.', '{}'::double precision[], '2025-08-09');
INSERT INTO events (id, venue_id, name, type, category, keywords, description, price_range, event_date) VALUES (8, 1, 'Hate Moss', NULL, 'Música', '{}', 'Concierto de la banda de punk Hate Moss.', '{}'::double precision[], '2025-08-09');
INSERT INTO events (id, venue_id, name, type, category, keywords, description, price_range, event_date) VALUES (9, NULL, 'Manuel García - Pánico en Lo Prado', NULL, 'Música', '{}', 'Presentación del nuevo espectáculo de Manuel García.', '{}'::double precision[], '2025-08-15');
INSERT INTO events (id, venue_id, name, type, category, keywords, description, price_range, event_date) VALUES (10, 69, 'Emilia Tour 2025', NULL, 'Música', '{}', 'Concierto de la artista pop argentina Emilia.', '{}'::double precision[], '2025-08-09');
INSERT INTO events (id, venue_id, name, type, category, keywords, description, price_range, event_date) VALUES (11, 71, 'Don Osvaldo', NULL, 'Música', '{}', 'Concierto de la banda de rock Don Osvaldo.', '{}'::double precision[], '2025-08-16');
INSERT INTO events (id, venue_id, name, type, category, keywords, description, price_range, event_date) VALUES (12, 57, 'GloryHammer', NULL, 'Música', '{}', 'Concierto de la banda de power metal GloryHammer.', '{}'::double precision[], '2025-08-13');
INSERT INTO events (id, venue_id, name, type, category, keywords, description, price_range, event_date) VALUES (13, NULL, 'Aprendan del Fuego', NULL, 'Teatro', '{}', 'Obra de teatro contemporáneo en Matucana 100.', '{}'::double precision[], '2025-08-10');
INSERT INTO events (id, venue_id, name, type, category, keywords, description, price_range, event_date) VALUES (14, 62, 'La Tempestad', NULL, 'Teatro', '{}', 'Adaptación de la obra clásica de Shakespeare.', '{}'::double precision[], '2025-08-13');
INSERT INTO events (id, venue_id, name, type, category, keywords, description, price_range, event_date) VALUES (15, 55, 'El Sur es Hardcore', NULL, 'Música', '{}', 'Festival de hardcore con bandas locales.', '{}'::double precision[], '2025-08-23');
INSERT INTO events (id, venue_id, name, type, category, keywords, description, price_range, event_date) VALUES (16, 57, 'Undertale Sinfónico', NULL, 'Música', '{}', 'Concierto sinfónico basado en la música del videojuego Undertale.', '{}'::double precision[], '2025-08-29');
INSERT INTO events (id, venue_id, name, type, category, keywords, description, price_range, event_date) VALUES (17, NULL, 'Pestilence - 1349 - Cancer', NULL, 'Música', '{}', 'Concierto de death metal con bandas internacionales.', '{}'::double precision[], '2025-08-30');
INSERT INTO events (id, venue_id, name, type, category, keywords, description, price_range, event_date) VALUES (18, NULL, 'Mora Lucay', NULL, 'Música', '{}', 'Concierto de la banda de rock alternativo Mora Lucay.', '{}'::double precision[], '2025-08-22');
INSERT INTO events (id, venue_id, name, type, category, keywords, description, price_range, event_date) VALUES (19, 60, 'Milagros de la Música', NULL, 'Música', '{}', 'Espectáculo musical con artistas invitados.', '{}'::double precision[], '2025-08-20');
INSERT INTO events (id, venue_id, name, type, category, keywords, description, price_range, event_date) VALUES (20, NULL, 'Metalucifer en Sala RBX', NULL, 'Música', '{}', 'Concierto de la banda de heavy metal Metalucifer.', '{}'::double precision[], '2025-08-19');
INSERT INTO events (id, venue_id, name, type, category, keywords, description, price_range, event_date) VALUES (21, NULL, 'El Sanatorio de la Clepsidra', NULL, 'Teatro', '{}', 'Adaptación cinematográfica de Bruno Schulz (1973), presentada en Sala Ceina del Centro Arte Alameda.', '{}'::double precision[], '2025-07-28');
INSERT INTO events (id, venue_id, name, type, category, keywords, description, price_range, event_date) VALUES (22, NULL, 'Antonella Bar presenta: Gorilla Glue Party', NULL, 'Música', '{}', 'Noche de hip‑hop con Nitra, Yei La Ele, Maddbiancc y Ronny Ma. Incluye DJ set y despedida de Ronny Ma.', '{}'::double precision[], '2025-07-29');
INSERT INTO events (id, venue_id, name, type, category, keywords, description, price_range, event_date) VALUES (23, 16, 'Sinapsis y Khollerdax en vivo', NULL, 'Música', '{}', 'Show de rock latino con Sinapsis y Khollerdax en Bar de René.', '{}'::double precision[], '2025-07-30');
INSERT INTO events (id, venue_id, name, type, category, keywords, description, price_range, event_date) VALUES (24, 31, 'Jiluka en Chile', NULL, 'Música', '{}', 'Primera visita de la banda japonesa visual kei-metal JILUKA en Blondie.', '{}'::double precision[], '2025-07-29');
INSERT INTO events (id, venue_id, name, type, category, keywords, description, price_range, event_date) VALUES (25, NULL, 'NO IR + YINYER', NULL, 'Música', '{}', 'Dream‑pop y post‑punk con NO IR estrenando 2 canciones nuevas y YINYER retomando temporada. Evento +18.', '{}'::double precision[], '2025-07-31');
INSERT INTO events (id, venue_id, name, type, category, keywords, description, price_range, event_date) VALUES (26, NULL, 'Semillero Mágico', 'Comedia', 'Teatro', '{}', 'Tres magos con estilos únicos en una noche de ilusiones y humor en Bar Teatro Fiebre.', '{}'::double precision[], '2025-07-31');
INSERT INTO events (id, venue_id, name, type, category, keywords, description, price_range, event_date) VALUES (27, NULL, 'Paranormal en Klub Kross', 'Rock', 'Música', '{}', 'Banda chilena de rock evoca el sonido de los 90’ con letras oníricas. Evento +18.', '{}'::double precision[], '2025-08-01');
INSERT INTO events (id, venue_id, name, type, category, keywords, description, price_range, event_date) VALUES (28, NULL, 'Noche Dorada', 'Electrónica', 'Música', '{}', 'Fiesta de erotic-techno exclusiva +18 en Costa Dorada.', '{}'::double precision[], '2025-08-01');
INSERT INTO events (id, venue_id, name, type, category, keywords, description, price_range, event_date) VALUES (29, NULL, 'Lesbiana y Vegana – Programa en vivo', NULL, 'Comedia', '{}', 'Grabación en vivo del programa “La Lesbiana y la Vegana” con Vale Vieira y Luni Love.', '{}'::double precision[], '2025-08-01');
INSERT INTO events (id, venue_id, name, type, category, keywords, description, price_range, event_date) VALUES (30, 36, 'Depeche Mode – Tributo *MODO*', NULL, 'Música', '{}', 'Tributo al mítico Depeche Mode con *MODO*, recorriendo clásicos como “Enjoy the Silence” y “Policy of Truth”.', '{}'::double precision[], '2025-08-02');
INSERT INTO events (id, venue_id, name, type, category, keywords, description, price_range, event_date) VALUES (31, 32, 'Mihai Popoviciu – La Feria Club', NULL, 'Música', '{}', 'DJ set de Mihai Popoviciu en La Feria Club. Evento +18 con inicio a las 23:00.', '{}'::double precision[], '2025-08-14');
INSERT INTO events (id, venue_id, name, type, category, keywords, description, price_range, event_date) VALUES (32, 20, 'Alex Ortiz – Comedy Restobar', NULL, 'Comedia', '{}', 'Stand‑up de Alex Ortiz (@flaitechileno) en Comedy Restobar. Show para mayores de 12 años. Consumo mínimo $5 000 CLP.', '{}'::double precision[], '2025-02-08');
INSERT INTO events (id, venue_id, name, type, category, keywords, description, price_range, event_date) VALUES (33, 20, 'Paloma Salas – Comedy Restobar (2ª función)', NULL, 'Comedia', '{}', 'Stand‑up de Paloma Salas (@pobrecabra) —segunda función— en Comedy Restobar, 28 de julio a las 19:30 hrs.', '{}'::double precision[], '2025-07-28');
INSERT INTO events (id, venue_id, name, type, category, keywords, description, price_range, event_date) VALUES (34, NULL, 'Pank – Gran Refugio Barrio Italia', NULL, 'Comedia', '{}', 'Show de comedia e improvisación con Pank (Panqueque), todos los viernes y sábados a las 22:00 hrs en Gran Refugio.', '{}'::double precision[], '2025-07-25');
INSERT INTO events (id, venue_id, name, type, category, keywords, description, price_range, event_date) VALUES (35, 33, 'PORTOFINO Full ultrabailable', 'Latina', 'Música', '{}', 'Fiesta ultrabailable +23 con PORTOFINO, desde las 23:00 hasta las 04:45 hrs.', '{}'::double precision[], '2025-08-01');
INSERT INTO events (id, venue_id, name, type, category, keywords, description, price_range, event_date) VALUES (36, 55, 'Concierto Pablo Ruiz – Aniversario 42 años de carrera', 'Pop', 'Música', '{}', 'Pablo Ruiz celebra sus 42 años de trayectoria con un show en Teatro Cariola a las 21:00 hrs.', '{}'::double precision[], '2025-08-02');
INSERT INTO events (id, venue_id, name, type, category, keywords, description, price_range, event_date) VALUES (37, NULL, 'Averly Morillo en Chile', 'Folclore', 'Música', '{}', 'Tour ''Nueva Leña'' de Averly Morillo, show especial a las 18:30 hrs.', '{}'::double precision[], '2025-08-02');
INSERT INTO events (id, venue_id, name, type, category, keywords, description, price_range, event_date) VALUES (38, 33, 'El Chojin – 25 años de carrera', 'Pop', 'Música', '{}', 'El Chojin celebra 25 años de trayectoria con un show en Club Subterráneo desde las 18:00 hrs.', '{}'::double precision[], '2025-10-02');
INSERT INTO events (id, venue_id, name, type, category, keywords, description, price_range, event_date) VALUES (39, NULL, 'A Place to Bury Strangers en M100', 'Rock', 'Música', '{}', 'La banda neoyorquina de noise rock regresan a Chile presentándose en Matucana 100 junto a Asia Menor, Talismán y Adelaida.', '{}'::double precision[], '2025-09-12');
INSERT INTO events (id, venue_id, name, type, category, keywords, description, price_range, event_date) VALUES (40, NULL, 'THE ÓPERA GALA', 'Pop', 'Música', '{}', 'Séptima edición de THE ÓPERA GALA, con artistas internacionales, en una única función este domingo a las 19:30 hrs.', '{}'::double precision[], '2025-07-27');
INSERT INTO events (id, venue_id, name, type, category, keywords, description, price_range, event_date) VALUES (41, 48, 'Sofía Correa en SCD Bellavista', 'Pop', 'Música', '{}', 'Show "Live Show al Cielo" de Sofía Correa este viernes 25 de julio a las 20:00 hrs en SCD Bellavista.', '{}'::double precision[], '2025-07-25');
INSERT INTO events (id, venue_id, name, type, category, keywords, description, price_range, event_date) VALUES (42, NULL, 'Los Acordes Que Son – Unplugged (Tributo a Los Tres)', 'Rock', 'Música', '{}', 'Tributo acústico al MTV Unplugged de Los Tres, interpretado por Los Acordes Que Son este sábado 26 a las 21:00 hrs.', '{}'::double precision[], '2025-07-26');
INSERT INTO events (id, venue_id, name, type, category, keywords, description, price_range, event_date) VALUES (43, 48, 'KYA en SCD Bellavista', 'Pop', 'Música', '{}', 'Ciclo “Invierno en Llamas”: KYA se presenta en vivo este sábado 26 de julio a las 21:00 hrs en SCD Bellavista.', '{}'::double precision[], '2025-07-26');
INSERT INTO events (id, venue_id, name, type, category, keywords, description, price_range, event_date) VALUES (44, 48, 'Cristóbal Gacitúa y Los Pensamientos', 'Indie', 'Música', '{}', 'Show de Cristóbal Gacitúa & Los Pensamientos este jueves 31 de julio a las 20:00 hrs en SCD Bellavista.', '{}'::double precision[], '2025-07-31');
INSERT INTO events (id, venue_id, name, type, category, keywords, description, price_range, event_date) VALUES (45, NULL, 'Jueves de Silvio (Peces de Ciudad)', 'Latina', 'Música', '{}', 'Tributo a Silvio Rodríguez “Jueves de Silvio” este jueves 31 de julio a las 20:00 hrs en Peces de Ciudad.', '{}'::double precision[], '2025-07-31');
INSERT INTO events (id, venue_id, name, type, category, keywords, description, price_range, event_date) VALUES (46, NULL, 'Ensañfu + Zapomono en Centro Cultural Argot', 'Electrónica', 'Música', '{}', 'Ensañfu y Zapomono se presentan en una velada experimental y sonora en Centro Cultural Argot.', '{}'::double precision[], '2025-08-02');
INSERT INTO events (id, venue_id, name, type, category, keywords, description, price_range, event_date) VALUES (47, 96, 'Joaquín Fuentes presenta: Quinta Temporada', 'Jazz', 'Música', '{}', 'Presentación de Joaquín Fuentes con su nuevo álbum “Quinta Temporada”, jueves 7 de agosto a las 19:30 hrs.', '{}'::double precision[], '2025-08-07');
INSERT INTO events (id, venue_id, name, type, category, keywords, description, price_range, event_date) VALUES (48, 70, 'Beéle – Frente al Mar World Tour', 'Latina', 'Música', '{}', 'El artista colombiano Beéle presenta su tour ‘Frente al Mar’ en Chile, con una mezcla de reggae, dancehall y éxitos internacionales.', '{}'::double precision[], '2025-08-16');
INSERT INTO events (id, venue_id, name, type, category, keywords, description, price_range, event_date) VALUES (49, NULL, 'Recuérdame mi Vida', 'Drama', 'Teatro', '{}', 'Obra emotiva sobre la relación entre una madre e hija, con música en vivo inspirada en Ennio Morricone.', '{}'::double precision[], '2025-07-24');
INSERT INTO events (id, venue_id, name, type, category, keywords, description, price_range, event_date) VALUES (50, NULL, 'Memo’s Trio en Jazz Corner', 'Jazz', 'Música', '{}', 'Presentación íntima del trío liderado por Memo en Jazz Corner. Jazz en vivo en el corazón de Barrio Italia.', '{}'::double precision[], '2025-07-23');
INSERT INTO events (id, venue_id, name, type, category, keywords, description, price_range, event_date) VALUES (51, NULL, 'KIUGE HAYASHIDA Blues Band', 'Jazz', 'Música', '{}', 'Kiuge Hayashida y su banda de blues se presentan en vivo este 24 de julio en Jazz Corner.', '{}'::double precision[], '2025-07-24');
INSERT INTO events (id, venue_id, name, type, category, keywords, description, price_range, event_date) VALUES (52, NULL, 'Edzon Maqueira Trío', 'Jazz', 'Música', '{}', 'El trío de Edzon Maqueira se presenta con un repertorio lleno de armonía y sofisticación en Jazz Corner.', '{}'::double precision[], '2025-07-29');
INSERT INTO events (id, venue_id, name, type, category, keywords, description, price_range, event_date) VALUES (53, NULL, 'Nahuel Blanco en Jazz Corner', 'Jazz', 'Música', '{}', 'Nahuel Blanco se presenta en Jazz Corner con un espectáculo de jazz contemporáneo e improvisación.', '{}'::double precision[], '2025-07-27');
INSERT INTO events (id, venue_id, name, type, category, keywords, description, price_range, event_date) VALUES (54, 2, 'Rai Santander en Grez Club', 'Jazz', 'Música', '{}', 'Guitarrista chileno Rai Santander en vivo en Bar Grez (blues & jazz).', '{}'::double precision[], '2025-10-04');
INSERT INTO events (id, venue_id, name, type, category, keywords, description, price_range, event_date) VALUES (58, NULL, 'Tati Mora - Lanzamiento EP Claro Oscuro', 'Pop', 'Música', '{}', 'Lanzamiento del EP “Claro Oscuro” de Tati Mora en vivo.', '{}'::double precision[], '2025-09-10');
INSERT INTO events (id, venue_id, name, type, category, keywords, description, price_range, event_date) VALUES (59, 1, 'CAF Cumple 18', 'Pop', 'Música', '{}', 'Cumpleaños CAF #18 en Bar El Clan con música en vivo.', '{}'::double precision[], '2025-09-13');
INSERT INTO events (id, venue_id, name, type, category, keywords, description, price_range, event_date) VALUES (60, NULL, 'Septiembre con Gamuza', 'Folclore', 'Música', '{}', 'Show con Gamuza este 13 de septiembre en Jardín Mallinkrodt.', '{}'::double precision[], '2025-09-13');
INSERT INTO events (id, venue_id, name, type, category, keywords, description, price_range, event_date) VALUES (61, NULL, 'Noche Country en Black Restobar', 'Folclore', 'Música', '{}', 'Noche de música country en Black Restobar.', '{}'::double precision[], '2025-09-26');
INSERT INTO events (id, venue_id, name, type, category, keywords, description, price_range, event_date) VALUES (62, 49, 'El Otro Moreno', 'Pop', 'Música', '{}', 'El Otro Moreno se presenta en Sala SCD Egaña con un concierto donde adelantará parte de su primer trabajo discográfico.', '{}'::double precision[], '2025-09-24');
INSERT INTO events (id, venue_id, name, type, category, keywords, description, price_range, event_date) VALUES (63, NULL, 'Paranormal + Tierra de Nadie en Mi Bar', 'Rock', 'Música', '{}', 'Presentación de Paranormal + Tierra de Nadie en vivo en Mi Bar', '{}'::double precision[], '2025-09-20');
INSERT INTO events (id, venue_id, name, type, category, keywords, description, price_range, event_date) VALUES (64, 48, 'Acordes de Amores y Desamores en Sala SCD Bellavista', 'Folclore', 'Música', '{}', 'BFLA Florida: Acordes de Amores y Desamores', '{}'::double precision[], '2025-09-24');
INSERT INTO events (id, venue_id, name, type, category, keywords, description, price_range, event_date) VALUES (65, 46, 'Rocco Posca en Sala Master', 'Pop', 'Música', '{}', 'Concierto de Rocco Posca en Sala Master, Santiago.', '{}'::double precision[], '2025-10-01');
INSERT INTO events (id, venue_id, name, type, category, keywords, description, price_range, event_date) VALUES (66, NULL, 'DJ Chico Alexis - Rumba Salsera en Pupuya', 'Latina', 'Música', '{}', 'Viernes 12 de septiembre sigue la Rumba Salsera en Pupuya Restaurant con DJ Chico Alexis. Clases de salsa desde las 20:00 h.', '{}'::double precision[], '2025-09-12');
INSERT INTO events (id, venue_id, name, type, category, keywords, description, price_range, event_date) VALUES (67, 2, 'Felipe Urtubia: Mundo Music Monday', 'Pop', 'Música', '{}', 'Felipe Urtubia en Mundo Music Monday en Bar Grez.', '{}'::double precision[], '2025-09-29');
INSERT INTO events (id, venue_id, name, type, category, keywords, description, price_range, event_date) VALUES (68, 46, 'Javier Barría: Lanzamiento Disco ‘Un Cariño Antiguo’', 'Pop', 'Música', '{}', 'Javier Barría presenta su nuevo disco ''Un Cariño Antiguo'' en Sala Master.', '{}'::double precision[], '2025-10-03');
INSERT INTO events (id, venue_id, name, type, category, keywords, description, price_range, event_date) VALUES (69, 71, 'Bad Bunny - Debí Tirar Más Fotos World Tour', 'Pop', 'Música', '{}', 'Bad Bunny en Chile - Debí Tirar Más Fotos World Tour 2025', '{}'::double precision[], '2026-02-05');
INSERT INTO events (id, venue_id, name, type, category, keywords, description, price_range, event_date) VALUES (70, NULL, 'Kidd Voodoo - “Satirología Deluxe Edition”', 'Pop', 'Música', '{}', 'Kidd Voodoo en vivo en Puerto Montt – Satirología Deluxe Edition', '{}'::double precision[], '2025-11-22');
INSERT INTO events (id, venue_id, name, type, category, keywords, description, price_range, event_date) VALUES (71, NULL, 'Guns N’ Roses - Latin America Tour 2025', 'Rock', 'Música', '{}', 'Guns N’ Roses en Chile 2025: 14 de octubre en Parque Estadio Nacional', '{}'::double precision[], '2025-10-14');
INSERT INTO events (id, venue_id, name, type, category, keywords, description, price_range, event_date) VALUES (72, 70, 'Yandel Sinfónico', 'Pop', 'Música', '{}', 'Yandel Sinfónico – una experiencia musical diferente', '{}'::double precision[], '2025-10-28');
INSERT INTO events (id, venue_id, name, type, category, keywords, description, price_range, event_date) VALUES (73, 70, 'Chase Atlantic Live SCL 2025', 'Pop', 'Música', '{}', 'Chase Atlantic en concierto en Santiago 2025', '{}'::double precision[], '2025-11-17');
INSERT INTO events (id, venue_id, name, type, category, keywords, description, price_range, event_date) VALUES (74, 70, 'Jowell & Randy - 3D', 'Pop', 'Música', '{}', 'Jowell & Randy en Chile presentando su show 3D en vivo.', '{}'::double precision[], '2025-12-13');
INSERT INTO events (id, venue_id, name, type, category, keywords, description, price_range, event_date) VALUES (75, 70, 'Los Tigres del Norte en Chile', 'Latina', 'Música', '{}', 'Los Tigres del Norte en vivo en Movistar Arena, 19 de diciembre 2025.', '{}'::double precision[], '2025-12-19');
INSERT INTO events (id, venue_id, name, type, category, keywords, description, price_range, event_date) VALUES (76, 70, 'Jesse & Joy - El Despecho Tour', 'Pop', 'Música', '{}', 'Jesse & Joy en concierto, El Despecho Tour, 11 de septiembre 2025.', '{}'::double precision[], '2025-09-11');
INSERT INTO events (id, venue_id, name, type, category, keywords, description, price_range, event_date) VALUES (77, NULL, 'Illapu en Concierto', 'Folclore', 'Música', '{}', 'Illapu en concierto en Viña del Mar y Santiago – Teatro Municipal y Teatro Caupolicán.', '{}'::double precision[], '2025-10-31');
INSERT INTO events (id, venue_id, name, type, category, keywords, description, price_range, event_date) VALUES (78, 42, 'Sundeck x Innervisions - Espacio Riesco', 'Electrónica', 'Música', '{}', '20 años del sello Berlinés Innervisions con Dixon, Âme Live, Jimi Jules, Natalia Pastor y más.', '{}'::double precision[], '2025-11-29');
INSERT INTO events (id, venue_id, name, type, category, keywords, description, price_range, event_date) VALUES (79, 70, 'Ricardo Arjona - Blanco y Negro Tour 2026', 'Pop', 'Música', '{}', 'Ricardo Arjona en Chile – Blanco y Negro Tour 2026', '{}'::double precision[], '2026-03-05');
INSERT INTO events (id, venue_id, name, type, category, keywords, description, price_range, event_date) VALUES (80, 70, 'Jorge Celedón en Chile', 'Latina', 'Música', '{}', 'Jorge Celedón presenta su gira en Chile', '{}'::double precision[], '2025-11-15');
INSERT INTO events (id, venue_id, name, type, category, keywords, description, price_range, event_date) VALUES (81, NULL, 'Creamfields 2025 Santiago', 'Electrónica', 'Música', '{}', 'Creamfields vuelve a Chile en 2025 con un line up de artistas internacionales', '{}'::double precision[], '2025-12-20');
INSERT INTO events (id, venue_id, name, type, category, keywords, description, price_range, event_date) VALUES (82, 57, 'La Combo Tortuga - Aniversario 14 años', 'Latina', 'Música', '{}', 'La Combo Tortuga celebra 14 años de música en el Teatro Caupolicán.', '{}'::double precision[], '2025-10-18');
INSERT INTO events (id, venue_id, name, type, category, keywords, description, price_range, event_date) VALUES (83, 70, 'Los Vásquez en Concierto 2025', 'Latina', 'Música', '{}', 'Los Vásquez celebran en grande con su tour 2025 en el Movistar Arena.', '{}'::double precision[], '2025-12-05');
INSERT INTO events (id, venue_id, name, type, category, keywords, description, price_range, event_date) VALUES (84, 70, 'Eros Ramazzotti - Una Historia Importante World Tour', 'Pop', 'Música', '{}', 'Eros Ramazzotti en Movistar Arena — Una Historia Importante Tour 2026.', '{}'::double precision[], '2026-11-26');
INSERT INTO events (id, venue_id, name, type, category, keywords, description, price_range, event_date) VALUES (85, 57, 'HERRENSAUNA X DAME', 'Electrónica', 'Música', '{}', 'HERRENSAUNA X DAME en Teatro Caupolán el 17 de septiembre 2025', '{}'::double precision[], '2025-09-17');
INSERT INTO events (id, venue_id, name, type, category, keywords, description, price_range, event_date) VALUES (86, 70, 'Danny Ocean', 'Pop', 'Música', '{}', 'Danny Ocean Reflexa Tour en Movistar Arena, Santiago', '{}'::double precision[], '2025-09-25');
INSERT INTO events (id, venue_id, name, type, category, keywords, description, price_range, event_date) VALUES (87, NULL, 'Hugel en Vivo', 'Electrónica', 'Música', '{}', 'Hugel en vivo el 27 de septiembre Palacio Club Hípico', '{}'::double precision[], '2025-09-27');
INSERT INTO events (id, venue_id, name, type, category, keywords, description, price_range, event_date) VALUES (88, 73, 'Ricky Martin Live 2025', 'Pop', 'Música', '{}', 'Ricky Martin inaugural Claro Arena Live 2025', '{}'::double precision[], '2025-10-04');
INSERT INTO events (id, venue_id, name, type, category, keywords, description, price_range, event_date) VALUES (89, 42, 'Respira Primavera 2025', 'Electrónica', 'Música', '{}', 'Respira Primavera: Hard Techno, Industrial y Schranz con exponentes internacionales.', '{}'::double precision[], '2025-10-10');
INSERT INTO events (id, venue_id, name, type, category, keywords, description, price_range, event_date) VALUES (90, 70, 'Il Volo - World Tour 2025', 'Pop', 'Música', '{}', 'Il Volo en Chile — World Tour 2025, recorrido musical con sus grandes éxitos.', '{}'::double precision[], '2025-10-16');
INSERT INTO events (id, venue_id, name, type, category, keywords, description, price_range, event_date) VALUES (91, 57, 'Salvatore Adamo ‒ Una vez Más', 'Pop', 'Música', '{}', 'Salvatore Adamo presenta «Una vez Más» en Teatro Caupolicán', '{}'::double precision[], '2025-10-23');
INSERT INTO events (id, venue_id, name, type, category, keywords, description, price_range, event_date) VALUES (92, 70, 'Los Bunkers - Gira Acústica 2025', 'Rock', 'Música', '{}', 'Los Bunkers presentan su Gira Acústica 2025 en Movistar Arena. Versión íntima y clásicos en formato desenchufado.', '{}'::double precision[], '2025-11-07');
INSERT INTO events (id, venue_id, name, type, category, keywords, description, price_range, event_date) VALUES (93, NULL, 'Vandal (Danza Urbana) - Aula Magna CEINA', 'Danza-Ballet', 'Teatro', '{}', 'Danza urbana en Aula Magna CEINA. Temporada 26–28 de septiembre.', '{}'::double precision[], '2025-09-26');
INSERT INTO events (id, venue_id, name, type, category, keywords, description, price_range, event_date) VALUES (94, NULL, 'El Capote - Aula Magna CEINA', 'Drama', 'Teatro', '{}', 'Obra de teatro en Aula Magna CEINA. Temporada 9–12 de octubre.', '{}'::double precision[], '2025-10-09');
INSERT INTO events (id, venue_id, name, type, category, keywords, description, price_range, event_date) VALUES (95, 71, 'Shakira - Las Mujeres Ya No Lloran: Estoy Aquí Tour', 'Pop', 'Música', '{}', 'Shakira en Chile con ‘Las Mujeres Ya No Lloran: Estoy Aquí Tour’.', '{}'::double precision[], '2025-11-22');
INSERT INTO events (id, venue_id, name, type, category, keywords, description, price_range, event_date) VALUES (96, NULL, 'Devendra Banhart - Teatro del Lago', 'Folclore', 'Música', '{}', 'Devendra Banhart en un show único a orillas del Llanquihue.', '{}'::double precision[], '2026-02-07');
INSERT INTO events (id, venue_id, name, type, category, keywords, description, price_range, event_date) VALUES (97, 73, 'Rod Stewart - One Last Time Tour', 'Rock', 'Música', '{}', 'Rod Stewart en Chile por última vez, show en Claro Arena.', '{}'::double precision[], '2025-10-19');
INSERT INTO events (id, venue_id, name, type, category, keywords, description, price_range, event_date) VALUES (98, NULL, 'Vandal (Danza Urbana) - Aula Magna CEINA', 'Danza-Ballet', 'Teatro', '{}', 'Danza urbana en Aula Magna CEINA. Función del 26 de septiembre.', '{}'::double precision[], '2025-09-26');
INSERT INTO events (id, venue_id, name, type, category, keywords, description, price_range, event_date) VALUES (99, NULL, 'Vandal (Danza Urbana) - Aula Magna CEINA', 'Danza-Ballet', 'Teatro', '{}', 'Danza urbana en Aula Magna CEINA. Función del 27 de septiembre.', '{}'::double precision[], '2025-09-27');
INSERT INTO events (id, venue_id, name, type, category, keywords, description, price_range, event_date) VALUES (100, NULL, 'Vandal (Danza Urbana) - Aula Magna CEINA', 'Danza-Ballet', 'Teatro', '{}', 'Danza urbana en Aula Magna CEINA. Función del 28 de septiembre.', '{}'::double precision[], '2025-09-28');
INSERT INTO events (id, venue_id, name, type, category, keywords, description, price_range, event_date) VALUES (101, NULL, 'El Capote - Aula Magna CEINA', 'Drama', 'Teatro', '{}', 'Obra de teatro en Aula Magna CEINA. Función del 9 de octubre.', '{}'::double precision[], '2025-10-09');
INSERT INTO events (id, venue_id, name, type, category, keywords, description, price_range, event_date) VALUES (102, NULL, 'El Capote - Aula Magna CEINA', 'Drama', 'Teatro', '{}', 'Obra de teatro en Aula Magna CEINA. Función del 10 de octubre.', '{}'::double precision[], '2025-10-10');
INSERT INTO events (id, venue_id, name, type, category, keywords, description, price_range, event_date) VALUES (103, NULL, 'El Capote - Aula Magna CEINA', 'Drama', 'Teatro', '{}', 'Obra de teatro en Aula Magna CEINA. Función del 11 de octubre.', '{}'::double precision[], '2025-10-11');
INSERT INTO events (id, venue_id, name, type, category, keywords, description, price_range, event_date) VALUES (104, NULL, 'El Capote - Aula Magna CEINA', 'Drama', 'Teatro', '{}', 'Obra de teatro en Aula Magna CEINA. Función del 12 de octubre.', '{}'::double precision[], '2025-10-12');
INSERT INTO events (id, venue_id, name, type, category, keywords, description, price_range, event_date) VALUES (105, 70, 'Entre Amigos - Festival 2025', 'Latina', 'Música', '{}', 'Festival Entre Amigos con grandes exponentes de la música latina en Movistar Arena.', '{}'::double precision[], '2025-11-29');
INSERT INTO events (id, venue_id, name, type, category, keywords, description, price_range, event_date) VALUES (106, 71, 'Rauw Alejandro - Cosa Nuestra SCL 2025', 'Pop', 'Música', '{}', 'Rauw Alejandro llega a Chile con su show ‘Cosa Nuestra’.', '{}'::double precision[], '2025-12-12');
INSERT INTO events (id, venue_id, name, type, category, keywords, description, price_range, event_date) VALUES (107, 73, 'Toto - Dogz of Oz Tour', 'Rock', 'Música', '{}', 'La legendaria banda Toto regresa a Chile con su tour ‘Dogz of Oz’ en Claro Arena.', '{}'::double precision[], '2025-10-22');
INSERT INTO events (id, venue_id, name, type, category, keywords, description, price_range, event_date) VALUES (108, 70, 'Anuel AA - Real Hasta la Muerte II', 'Pop', 'Música', '{}', 'Anuel AA presenta su gira ‘Real Hasta la Muerte II’ en Movistar Arena.', '{}'::double precision[], '2025-09-20');
INSERT INTO events (id, venue_id, name, type, category, keywords, description, price_range, event_date) VALUES (109, 70, 'Eladio Carrión - The Sauce Tour', 'Latina', 'Música', '{}', 'Eladio Carrión en vivo con ‘The Sauce Tour’ en Movistar Arena.', '{}'::double precision[], '2025-10-27');
INSERT INTO events (id, venue_id, name, type, category, keywords, description, price_range, event_date) VALUES (110, 70, 'Morrissey', 'Rock', 'Música', '{}', 'Morrissey celebra 40 años de carrera con un show en Movistar Arena.', '{}'::double precision[], '2025-11-16');
INSERT INTO events (id, venue_id, name, type, category, keywords, description, price_range, event_date) VALUES (111, 70, 'Lucybell - Peces 2025', 'Rock', 'Música', '{}', 'Lucybell celebra los 30 años de su álbum ‘Peces’ con un concierto en Movistar Arena.', '{}'::double precision[], '2025-11-15');
INSERT INTO events (id, venue_id, name, type, category, keywords, description, price_range, event_date) VALUES (112, 70, 'Carlos Vives - El Rock de mi Pueblo Tour', 'Pop', 'Música', '{}', 'Carlos Vives trae a Chile su tour ‘El Rock de mi Pueblo’ en Movistar Arena.', '{}'::double precision[], '2025-10-23');
INSERT INTO events (id, venue_id, name, type, category, keywords, description, price_range, event_date) VALUES (113, NULL, 'Morat - Tour 2025', 'Pop', 'Música', '{}', 'La banda colombiana Morat regresa a Chile con su gira mundial en la Quinta Vergara.', '{}'::double precision[], '2025-11-01');
INSERT INTO events (id, venue_id, name, type, category, keywords, description, price_range, event_date) VALUES (114, 60, 'Edo Caroe - Teatro Oriente', 'Stand-Up', 'Comedia', '{}', 'Edo Caroe presenta su show de stand-up comedy en el Teatro Oriente.', '{}'::double precision[], '2025-10-11');
INSERT INTO events (id, venue_id, name, type, category, keywords, description, price_range, event_date) VALUES (115, 60, 'Tomás Va a Morir - Ley de Murphy', 'Comedia', 'Teatro', '{}', 'La exitosa obra ‘Tomás Va a Morir’ vuelve con su versión Ley de Murphy en Teatro Oriente. Funciones entre octubre y noviembre 2025.', '{}'::double precision[], '2025-10-30');
INSERT INTO events (id, venue_id, name, type, category, keywords, description, price_range, event_date) VALUES (116, 57, 'Don Carter en Teatro Caupolicán', 'Stand-Up', 'Comedia', '{}', 'Don Carter presenta su show de humor en Teatro Caupolicán.', '{}'::double precision[], '2025-10-25');
INSERT INTO events (id, venue_id, name, type, category, keywords, description, price_range, event_date) VALUES (117, 70, 'DrefQuila - The Kun Talent Show', 'Latina', 'Nacional', '{}', 'DrefQuila se presenta en el Movistar Arena con su nuevo show.', '{}'::double precision[], '2025-11-02');
INSERT INTO events (id, venue_id, name, type, category, keywords, description, price_range, event_date) VALUES (118, NULL, 'Edo Caroe - Comedy Bar', 'Stand-Up', 'Comedia', '{}', 'Edo Caroe en formato íntimo de stand-up en Comedy Bar, septiembre 2025.', '{}'::double precision[], '2025-09-13');
INSERT INTO events (id, venue_id, name, type, category, keywords, description, price_range, event_date) VALUES (119, 65, 'José Rafael Guzmán - Teatro Coliseo', 'Stand-Up', 'Comedia', '{}', 'El comediante venezolano José Rafael Guzmán llega a Chile con su stand-up en Teatro Coliseo.', '{}'::double precision[], '2025-10-24');
INSERT INTO events (id, venue_id, name, type, category, keywords, description, price_range, event_date) VALUES (120, NULL, 'Comedy Presenta: Alex Ortiz en Munich Malloco', 'Stand-Up', 'Comedia', '{}', 'Comedy Chile presenta a Alex Ortiz en Munich Malloco, octubre 2025.', '{}'::double precision[], '2025-10-05');
INSERT INTO events (id, venue_id, name, type, category, keywords, description, price_range, event_date) VALUES (121, 65, 'Kevin Kaarl - Teatro Coliseo', 'Indie', 'Música', '{}', 'El cantautor mexicano Kevin Kaarl se presenta en el Teatro Coliseo de Santiago.', '{}'::double precision[], '2025-10-09');
INSERT INTO events (id, venue_id, name, type, category, keywords, description, price_range, event_date) VALUES (122, 70, 'Carin León - Tour 2025', 'Latina', 'Música', '{}', 'Carin León llega a Chile con su tour mundial en el Movistar Arena.', '{}'::double precision[], '2025-12-14');
INSERT INTO events (id, venue_id, name, type, category, keywords, description, price_range, event_date) VALUES (123, 71, 'Oasis - Live ''25 Tour', 'Rock', 'Música', '{}', 'Oasis regresa a Chile después de 16 años con su gira mundial Live ''25 Tour en el Estadio Nacional.', '{}'::double precision[], '2025-11-19');
INSERT INTO events (id, venue_id, name, type, category, keywords, description, price_range, event_date) VALUES (124, NULL, 'Chayanne - Bailemos Otra Vez', 'Pop', 'Música', '{}', 'Chayanne regresa a Chile con nuevas fechas en recintos de mayor capacidad tras agotar 8 shows.', '{}'::double precision[], '2026-02-11');
INSERT INTO events (id, venue_id, name, type, category, keywords, description, price_range, event_date) VALUES (125, 71, 'Chayanne - Bailemos Otra Vez', 'Pop', 'Música', '{}', 'Chayanne en Santiago tras el éxito rotundo de su tour anterior con más de 100.000 personas.', '{}'::double precision[], '2026-02-14');
INSERT INTO events (id, venue_id, name, type, category, keywords, description, price_range, event_date) VALUES (126, 69, 'MORA - Lo Mismo de la Otra Vez Tour', 'Latina', 'Música', '{}', 'El productor puertorriqueño Mora presenta su gira ''Lo Mismo de la Otra vez Tour'' con su nuevo álbum.', '{}'::double precision[], '2025-12-12');
INSERT INTO events (id, venue_id, name, type, category, keywords, description, price_range, event_date) VALUES (127, 71, 'Los Jaivas - Siempre', 'Rock', 'Música', '{}', 'Homenaje a Los Jaivas, una de las bandas más emblemáticas de la música latinoamericana con más de 60 años de historia.', '{}'::double precision[], '2025-08-30');
INSERT INTO events (id, venue_id, name, type, category, keywords, description, price_range, event_date) VALUES (128, 71, 'Dua Lipa - Radical Optimism Tour', 'Pop', 'Música', '{}', 'Dua Lipa confirma sold out de su primer show y anuncia segunda fecha en el Estadio Nacional.', '{}'::double precision[], '2025-11-11');
INSERT INTO events (id, venue_id, name, type, category, keywords, description, price_range, event_date) VALUES (129, 71, 'Dua Lipa - Radical Optimism Tour', 'Pop', 'Música', '{}', 'Segunda fecha de Dua Lipa tras agotar su primer show en Santiago.', '{}'::double precision[], '2025-11-12');
INSERT INTO events (id, venue_id, name, type, category, keywords, description, price_range, event_date) VALUES (130, NULL, 'Manuel Medrano', 'Pop', 'Música', '{}', 'El cantautor colombiano ganador de Latin Grammy regresa tras agotar entradas en 2024.', '{}'::double precision[], '2025-09-26');
INSERT INTO events (id, venue_id, name, type, category, keywords, description, price_range, event_date) VALUES (131, 51, 'Felipe Avello - Stand Up', 'Stand-Up', 'Comedia', '{}', 'El hilarante comediante nacional Felipe Avello regresa al Teatro NESCAFÉ con múltiples fechas.', '{}'::double precision[], '2025-08-25');
INSERT INTO events (id, venue_id, name, type, category, keywords, description, price_range, event_date) VALUES (132, 51, 'Felipe Avello - Stand Up', 'Stand-Up', 'Comedia', '{}', 'Segunda fecha de Felipe Avello en Teatro NESCAFÉ de las Artes.', '{}'::double precision[], '2025-08-26');
INSERT INTO events (id, venue_id, name, type, category, keywords, description, price_range, event_date) VALUES (133, 51, 'Edo Caroe - No Tiene Show', 'Stand-Up', 'Comedia', '{}', 'Edo Caroe presenta un show sin filtros tras su exitosa gira nacional y paso por Viña del Mar.', '{}'::double precision[], '2025-10-15');
INSERT INTO events (id, venue_id, name, type, category, keywords, description, price_range, event_date) VALUES (134, 51, 'Provócame - Musical sobre Chayanne', 'Musical', 'Teatro', '{}', 'Musical infartante sobre Chayanne por Los Contadores Auditores del 2 al 12 de octubre.', '{}'::double precision[], '2025-10-02');
INSERT INTO events (id, venue_id, name, type, category, keywords, description, price_range, event_date) VALUES (135, 51, 'Lucas Sugo', 'Latina', 'Música', '{}', 'El cantante uruguayo regresa con sus éxitos ''Cinco minutos'' y ''Nudo en la garganta''.', '{}'::double precision[], '2025-10-07');
INSERT INTO events (id, venue_id, name, type, category, keywords, description, price_range, event_date) VALUES (136, 76, 'Lollapalooza Chile 2026', 'Pop', 'Música', '{}', 'El festival de música más importante de Chile regresa en 2026 con pases de 3 días y múltiples categorías VIP disponibles.', '{}'::double precision[], '2026-03-27');
INSERT INTO events (id, venue_id, name, type, category, keywords, description, price_range, event_date) VALUES (137, 69, 'Alejandro Sanz - ¿Y Ahora Qué? Tour', 'Pop', 'Música', '{}', 'Alejandro Sanz expande su gira mundial tras el éxito en México fusionando clásicos con su nuevo trabajo.', '{}'::double precision[], '2026-02-28');
INSERT INTO events (id, venue_id, name, type, category, keywords, description, price_range, event_date) VALUES (138, 72, 'Loserville - Gringo Papi Tour 2025', 'Rock', 'Música', '{}', 'Limp Bizkit lidera este tour con YUNGBLUD, 311, Ecca Vandal, Slay Squad y Riff Raff.', '{}'::double precision[], '2025-12-13');
INSERT INTO events (id, venue_id, name, type, category, keywords, description, price_range, event_date) VALUES (139, 72, 'Kendrick Lamar - Grand National Tour', 'Pop', 'Música', '{}', 'Kendrick Lamar trae su Grand National Tour a Sudamérica con CA7RIEL & PACO AMOROSO como invitados.', '{}'::double precision[], '2025-10-07');
INSERT INTO events (id, venue_id, name, type, category, keywords, description, price_range, event_date) VALUES (140, 60, 'Juan Pablo López - Un Poco Chill', 'Stand-Up', 'Comedia', '{}', 'Juan Pablo López presenta su nuevo show de stand up comedy sobre el mundo actual.', '{}'::double precision[], '2025-11-07');
INSERT INTO events (id, venue_id, name, type, category, keywords, description, price_range, event_date) VALUES (141, 51, 'Bombo Fica - Solidario', 'Stand-Up', 'Comedia', '{}', 'Bombo Fica presenta un show solidario lleno de risas y reflexiones sobre eventos que casi cambiaron su vida.', '{}'::double precision[], '2025-11-20');
INSERT INTO events (id, venue_id, name, type, category, keywords, description, price_range, event_date) VALUES (142, 51, 'Paloma Salas - Stand Up', 'Stand-Up', 'Comedia', '{}', 'La destacada comediante chilena Paloma Salas presenta su humor fresco e ingenioso.', '{}'::double precision[], '2025-10-31');
INSERT INTO events (id, venue_id, name, type, category, keywords, description, price_range, event_date) VALUES (143, NULL, 'Felipe Avello', 'Stand-Up', 'Comedia', '{}', 'Felipe Avello regresa a Gran Arena Monticello tras agotar 12 presentaciones en 2024.', '{}'::double precision[], '2025-08-01');
INSERT INTO events (id, venue_id, name, type, category, keywords, description, price_range, event_date) VALUES (144, 51, 'Nano Stern - Refugio', 'Folclore', 'Música', '{}', 'Nano Stern presenta su nuevo álbum ''Refugio'', grabado en vivo en Manhattan, fusionando jazz latinoamericano y música de raíz.', '{}'::double precision[], '2025-11-14');
INSERT INTO events (id, venue_id, name, type, category, keywords, description, price_range, event_date) VALUES (145, 51, 'Inti Illimani - Caminos a los 60 años', 'Latina', 'Música', '{}', 'Inti-Illimani anticipa la celebración de sus 60 años de carrera con un repertorio elegido por el público.', '{}'::double precision[], '2025-12-26');
INSERT INTO events (id, venue_id, name, type, category, keywords, description, price_range, event_date) VALUES (146, 51, 'Inti Illimani - Caminos a los 60 años', 'Latina', 'Música', '{}', 'Segunda fecha de Inti-Illimani en su gira de celebración de 60 años de trayectoria.', '{}'::double precision[], '2025-12-27');
INSERT INTO events (id, venue_id, name, type, category, keywords, description, price_range, event_date) VALUES (147, 51, 'Tata Barahona - Puntadas', 'Latina', 'Música', '{}', 'El trovador chileno presenta su duodécimo disco ''Puntadas'', fusionando trova, folclor y rock con toques medievales.', '{}'::double precision[], '2025-11-22');
INSERT INTO events (id, venue_id, name, type, category, keywords, description, price_range, event_date) VALUES (148, NULL, 'Nadia & Estefania - NYE Stand Up', 'Stand-Up', 'Comedia', '{}', 'Show de stand up que junta a las comediantes Nadia Maria y Estefania ''The Lion Queen'' con improvisación y vulnerabilidad.', '{}'::double precision[], '2025-11-15');
INSERT INTO events (id, venue_id, name, type, category, keywords, description, price_range, event_date) VALUES (149, 51, 'La Sole - El Precio de la Alcurnia', 'Comedia', 'Teatro', '{}', 'Monólogo cómico de Paloma Larraín que desnuda a su controversial personaje ''La Sole'' y el arribismo chileno.', '{}'::double precision[], '2025-10-30');
INSERT INTO events (id, venue_id, name, type, category, keywords, description, price_range, event_date) VALUES (150, 51, 'La Sole - El Precio de la Alcurnia', 'Comedia', 'Teatro', '{}', 'Segunda fecha del monólogo de Paloma Larraín sobre el patetismo y las aspiraciones del arribismo chileno.', '{}'::double precision[], '2025-11-20');
INSERT INTO events (id, venue_id, name, type, category, keywords, description, price_range, event_date) VALUES (151, 64, 'La Sociedad de los Poetas Muertos', 'Drama', 'Teatro', '{}', 'Adaptación teatral de la icónica película ganadora del Óscar protagonizada originalmente por Robin Williams. ''Oh Capitán, mi Capitán''.', '{}'::double precision[], '2025-12-05');
INSERT INTO events (id, venue_id, name, type, category, keywords, description, price_range, event_date) VALUES (152, NULL, 'Liss Pereira - Latinamente', 'Stand-Up', 'Comedia', '{}', 'La comediante colombiana Liss Pereira presenta su show ''Latinamente'' con humor sobre la cultura latina.', '{}'::double precision[], '2025-11-25');
INSERT INTO events (id, venue_id, name, type, category, keywords, description, price_range, event_date) VALUES (153, NULL, 'Kramer - Íntimo', 'Comedia', 'Teatro', '{}', 'Stefan Kramer revela su lado más íntimo. El relato de un camaleón inquieto que ha aprendido a adaptarse para triunfar. Duración: 60 minutos.', '{}'::double precision[], '2025-09-15');
INSERT INTO events (id, venue_id, name, type, category, keywords, description, price_range, event_date) VALUES (154, 51, 'Tigran Hamasyan', 'Jazz', 'Música', '{}', 'El pianista armenio presenta ''The Bird of a Thousand Voices'' con Marc Karapetian (bajo) y Arman Mnatsakanyan (batería). Regresa tras dos sold outs en 2023.', '{}'::double precision[], '2025-10-13');
INSERT INTO events (id, venue_id, name, type, category, keywords, description, price_range, event_date) VALUES (155, 51, 'Angelo Pierattini - 30 años de carrera', 'Rock', 'Música', '{}', 'Celebración de 30 años de carrera con lanzamiento de su álbum homónimo. Fusión de rock, música cebolla y folclor latinoamericano. Ex Weichafe, ganador Altazor 2013.', '{}'::double precision[], '2025-10-15');
INSERT INTO events (id, venue_id, name, type, category, keywords, description, price_range, event_date) VALUES (156, 29, 'Broke Carrey - Tradición Tour', 'Pop', 'Música', '{}', 'Rapper argentino llega con ''Tradición Tour'' acompañado por Elmalamía. Presenta su triple single ''Rio de la Plata'' tras un año consagratorio.', '{}'::double precision[], '2025-10-25');
INSERT INTO events (id, venue_id, name, type, category, keywords, description, price_range, event_date) VALUES (157, NULL, 'Movimiento Original', 'Latina', 'Música', '{}', 'Banda chilena de hip hop con casi 20 años de trayectoria llega por primera vez a Gran Arena Monticello tras sold out en Movistar Arena 2024.', '{}'::double precision[], '2025-10-03');
INSERT INTO events (id, venue_id, name, type, category, keywords, description, price_range, event_date) VALUES (158, 51, 'Elizabeth Morris - Lo sencillo y lo sutil', 'Folclore', 'Música', '{}', 'Ganadora de Viña del Mar 2006 y 2015 presenta su séptimo álbum ''Lo sencillo y lo sutil''. Incluye huayno y vals peruano entre otras sorpresas.', '{}'::double precision[], '2025-10-22');
INSERT INTO events (id, venue_id, name, type, category, keywords, description, price_range, event_date) VALUES (159, 71, 'Linkin Park - From Zero World Tour', 'Rock', 'Música', '{}', 'Linkin Park regresa con su gira mundial ''From Zero''. Más de 100 millones de discos vendidos, 2 Grammy, debut Diamond con Hybrid Theory.', '{}'::double precision[], '2025-11-02');
INSERT INTO events (id, venue_id, name, type, category, keywords, description, price_range, event_date) VALUES (160, NULL, 'Fede Moura - Homenaje a Virus', 'Rock', 'Música', '{}', 'Espectáculo tributo que revive la magia de Virus con clásicos como ''Pronta entrega'', ''Amor descartable'', ''Luna de miel en la mano'' e ''Imágenes paganas''.', '{}'::double precision[], '2025-11-08');
INSERT INTO events (id, venue_id, name, type, category, keywords, description, price_range, event_date) VALUES (161, 51, 'Noche de Boleros con Catalina y Las Bordonas de Oro', 'Latina', 'Música', '{}', 'Ganadores del Pulsar 2024 Mejor Álbum Música Romántica presentan grandes clásicos del bolero, cumbia y cha-cha-chá con cuarteto de vientos.', '{}'::double precision[], '2025-11-18');
INSERT INTO events (id, venue_id, name, type, category, keywords, description, price_range, event_date) VALUES (162, NULL, 'Miranda! - 20 años de carrera', 'Pop', 'Música', '{}', 'Dúo icónico del pop electrónico en español celebra 20+ años con hits como ''Don'' y ''Yo te diré''. Hotel Miranda! incluye colaboraciones con María Becerra y Lali.', '{}'::double precision[], '2025-12-15');
INSERT INTO events (id, venue_id, name, type, category, keywords, description, price_range, event_date) VALUES (163, NULL, 'Chencho Corleone - Solo Tour', 'Latina', 'Música', '{}', 'Ex Plan B presenta su primer disco solista con colaboraciones de Peso Pluma, Jay Wheeler, Jowell & Randy y DJ Snake. Ha colaborado con Bad Bunny y Anuel AA.', '{}'::double precision[], '2025-11-21');
INSERT INTO events (id, venue_id, name, type, category, keywords, description, price_range, event_date) VALUES (164, NULL, 'Manuel García - Pánico en Osorno', 'Folclore', 'Música', '{}', 'Celebra 20 años de su primer disco solista ''PÁNICO'' con gira de diciembre 2024 a enero 2026 por Chile, Latinoamérica y Europa.', '{}'::double precision[], '2025-11-28');
INSERT INTO events (id, venue_id, name, type, category, keywords, description, price_range, event_date) VALUES (165, NULL, 'Andrés Calamaro - Agenda Tour 2025', 'Rock', 'Música', '{}', '''El Salmón'' llega por primera vez a Gran Arena Monticello con 45+ años de trayectoria. Clásicos como ''Flaca'', ''Crímenes Perfectos'' y ''Paloma''.', '{}'::double precision[], '2025-12-11');
INSERT INTO events (id, venue_id, name, type, category, keywords, description, price_range, event_date) VALUES (166, 51, 'Gonzalo Yáñez - La energía', 'Pop', 'Música', '{}', 'Músico uruguayo radicado en Chile presenta su séptimo disco ''La energía''. Ex No me Acuerdo, guitarrista de Los Prisioneros, brazo derecho de Jorge González.', '{}'::double precision[], '2025-11-09');
INSERT INTO events (id, venue_id, name, type, category, keywords, description, price_range, event_date) VALUES (167, NULL, 'Geordie Greep - The New Sound', 'Jazz', 'Música', '{}', 'Líder de Black Midi presenta su debut solista ''The New Sound'' (2024). Cambió de Club Chocolate a La Cúpula por éxito de ventas. Art rock experimental grabado en Londres y São Paulo.', '{}'::double precision[], '2025-11-13');
INSERT INTO events (id, venue_id, name, type, category, keywords, description, price_range, event_date) VALUES (168, 33, 'The Jazz Room: Tributo al Soul', 'Jazz', 'Música', '{}', 'Experiencia íntima con músicos y vocalistas interpretando clásicos del soul como ''Never Too Much'', ''Let''s Stay Together'' y ''Respect''. Duración: 1 hora. Mayores de 18 años.', '{}'::double precision[], '2025-12-01');
INSERT INTO events (id, venue_id, name, type, category, keywords, description, price_range, event_date) VALUES (169, NULL, 'Candlelight: Coldplay vs. Ed Sheeran', 'Pop', 'Música', '{}', 'Concierto a la luz de las velas con Cuarteto Ludos interpretando hits como ''Fix You'', ''Perfect'', ''Viva la Vida''. Calificación 4.9/5. Duración: 60 min. Desde 8 años.', '{}'::double precision[], '2025-11-01');
INSERT INTO events (id, venue_id, name, type, category, keywords, description, price_range, event_date) VALUES (170, NULL, 'Candlelight: Lo Mejor de Mozart y Beethoven', 'Folclore', 'Música', '{}', 'Cuarteto Ludos interpreta obras maestras: Marcha Turca, Claro de Luna, Für Elise, Oda a la Alegría, Sinfonía No. 5. Calificación 5.0/5. Experiencia multisensorial con velas.', '{}'::double precision[], '2025-11-02');
INSERT INTO events (id, venue_id, name, type, category, keywords, description, price_range, event_date) VALUES (171, NULL, 'Candlelight: Clásicos de Halloween', 'Pop', 'Música', '{}', 'Noche embrujada con String Quartet interpretando ''Thriller'', temas de ''The Exorcist'', ''Stranger Things'', ''Beetlejuice'', ''Halloween''. Duración: 60 min.', '{}'::double precision[], '2025-10-25');
INSERT INTO events (id, venue_id, name, type, category, keywords, description, price_range, event_date) VALUES (172, 33, 'The Jazz Room: Tributo al Blues', 'Jazz', 'Música', '{}', 'Experiencia íntima dedicada al blues con músicos en vivo. Cuidada selección de clásicos interpretados con alma. Ambiente elegante, mayores de 18 años. Duración: 1 hora.', '{}'::double precision[], '2025-12-15');
INSERT INTO events (id, venue_id, name, type, category, keywords, description, price_range, event_date) VALUES (173, 33, 'The Jazz Room: Un Viaje al Corazón de Nueva Orleans', 'Jazz', 'Música', '{}', 'Viaje al Nueva Orleans de 1920s con ''hot jazz'', ragtime y blues. Includes ''St. James Infirmary'', ''When The Saints Go Marching In''. Calificación 4.6/5 (269 reviews). Mesas compartidas.', '{}'::double precision[], '2025-12-10');
INSERT INTO events (id, venue_id, name, type, category, keywords, description, price_range, event_date) VALUES (174, NULL, 'Ballet of Lights: La Bella Durmiente', 'Danza-Ballet', 'Teatro', '{}', 'Ballet reimaginado con trajes que brillan en la oscuridad. 6 bailarines locales excepcionales. Creado por María Farelo y Cristian Pérez. Calificación 4.4/5 (464 reviews). Desde 5 años.', '{}'::double precision[], '2025-11-15');
INSERT INTO events (id, venue_id, name, type, category, keywords, description, price_range, event_date) VALUES (175, NULL, 'La contadora de películas', 'Drama', 'Teatro', '{}', 'Teatrocinema presenta la historia de María Margarita, elegida mejor contadora de películas del campamento minero. 90 minutos, +12 años. Funciones hasta 05/10.', '{}'::double precision[], '2025-09-24');
INSERT INTO events (id, venue_id, name, type, category, keywords, description, price_range, event_date) VALUES (176, NULL, 'Lo Que Queda Del Fuego', 'Drama', 'Teatro', '{}', 'Drama íntimo de Rodrigo Cabello. Pareja de mediana edad enfrenta desgaste del amor y crisis social. 55 minutos, +14 años. Hasta 19/10.', '{}'::double precision[], '2025-09-25');
INSERT INTO events (id, venue_id, name, type, category, keywords, description, price_range, event_date) VALUES (177, NULL, 'Chilean Electric', 'Drama', 'Teatro', '{}', 'Texto de Nona Fernández dirigido por Francisco Albornoz. Metáfora de la luz sobre la memoria. 80 minutos, Todo Espectador. Hasta 19/10.', '{}'::double precision[], '2025-10-02');
INSERT INTO events (id, venue_id, name, type, category, keywords, description, price_range, event_date) VALUES (178, NULL, 'Una corona en el fondo de una piscina', 'Drama', 'Teatro', '{}', 'Dirigido por Marcelo Leonart. Nobleza en país sin reyes planea emboscada por corona. 135 minutos, +14 años. Hasta 02/11.', '{}'::double precision[], '2025-10-17');
INSERT INTO events (id, venue_id, name, type, category, keywords, description, price_range, event_date) VALUES (179, NULL, 'Última Cena Para Perros', 'Drama', 'Teatro', '{}', 'Dramaturgia de Sebastián Olivares sobre violencia y discursos de odio. Interpretación: Jaime Leiva. 45 min, +14 años. Metro Bellas Artes.', '{}'::double precision[], '2025-10-02');
INSERT INTO events (id, venue_id, name, type, category, keywords, description, price_range, event_date) VALUES (180, NULL, 'Flayte - Colectivo Libertad', 'Danza-Ballet', 'Teatro', '{}', 'Formato inmersivo sobre Avenida Santa Rosa. Estética futurista post-Cristo pre-apocalipsis. Dirección: Jayson Hernández. 25/09-04/10.', '{}'::double precision[], '2025-09-25');
INSERT INTO events (id, venue_id, name, type, category, keywords, description, price_range, event_date) VALUES (181, NULL, 'Baño a Baño', 'Comedia', 'Teatro', '{}', 'Clásico de 1978 reestrenado. Creación colectiva de Vega, de la Parra y Pardo. Dirección: Alexis Moreno. 60 min, +16 años. Hasta 12/10.', '{}'::double precision[], '2025-10-01');
INSERT INTO events (id, venue_id, name, type, category, keywords, description, price_range, event_date) VALUES (182, 62, 'La Música de Diana', 'Drama', 'Teatro', '{}', 'Presentación en Teatro UC. Sala ubicada en segundo piso sin acceso para movilidad reducida. 25/09-04/10.', '{}'::double precision[], '2025-09-25');
INSERT INTO events (id, venue_id, name, type, category, keywords, description, price_range, event_date) VALUES (183, NULL, 'Cuando a un hombre lo fusilan y no muere - Colectivo Interior', 'Drama', 'Teatro', '{}', 'Dirección: Verónica Díaz Muñiz. 5 mujeres en departamento de diseño de marca de moda cuestionable. Hasta 11/10.', '{}'::double precision[], '2025-09-25');
INSERT INTO events (id, venue_id, name, type, category, keywords, description, price_range, event_date) VALUES (184, NULL, 'OVO Santiago - POLIMÁ', 'Latina', 'Música', '{}', 'Fiesta electrónica con entrada desde 21+ años. Invitaciones gratuitas hasta 00:00. Entradas nominativas, vestuario estricto.', '{}'::double precision[], '2025-09-13');
INSERT INTO events (id, venue_id, name, type, category, keywords, description, price_range, event_date) VALUES (185, 33, 'Triciclo Parlante + Abelocain', 'Indie', 'Música', '{}', 'Live show de Triciclo Parlante + Abelocain. 18:00-22:30hrs. Mayores de edad. Código CABIFY: SUBTESEPT 40% off.', '{}'::double precision[], '2025-09-25');
INSERT INTO events (id, venue_id, name, type, category, keywords, description, price_range, event_date) VALUES (186, 33, 'Portofino Full Ultrabailable', 'Electrónica', 'Música', '{}', 'Main Stage: Patrick Leyton (B-Day), Bassvoom, Cris Kub & Ras. 23:00-04:45hrs. H+23/M+23. Dress code estricto.', '{}'::double precision[], '2025-09-26');
INSERT INTO events (id, venue_id, name, type, category, keywords, description, price_range, event_date) VALUES (187, 33, 'O.G.C. Originoo Gunn Clappaz', 'Latina', 'Música', '{}', 'Legendarios rappers de Brooklyn: Louieville Sluggah & Top Dog. 18:00-22:30hrs. Código CABIFY: SUBTEOCT.', '{}'::double precision[], '2025-10-03');
INSERT INTO events (id, venue_id, name, type, category, keywords, description, price_range, event_date) VALUES (188, 33, 'Martes Se Sale!', 'Electrónica', 'Música', '{}', 'Main Stage: Fanvel & Coke Garritsen. 23:00-03:45hrs. H+21/M+21. Entradas desde $10.000.', '{}'::double precision[], '2025-09-16');
INSERT INTO events (id, venue_id, name, type, category, keywords, description, price_range, event_date) VALUES (189, NULL, 'Misa Santiago', 'Electrónica', 'Música', '{}', 'Fiesta underground dominical. 21:30-04:00hrs. M+18/H+23. Código de vestimenta estricto, sin artículos deportivos.', '{}'::double precision[], '2025-09-14');
INSERT INTO events (id, venue_id, name, type, category, keywords, description, price_range, event_date) VALUES (190, NULL, 'Me rompiste el corazón - Película', 'Drama', 'Cine', '{}', 'Film de Boris Quercia sobre Roberto Parra Sandoval y la Negra Ester. Protagonistas: Daniel Muñoz, Carmen Gloria Bresky. 86 min.', '{}'::double precision[], '2025-09-24');
INSERT INTO events (id, venue_id, name, type, category, keywords, description, price_range, event_date) VALUES (191, NULL, 'Frecuencia JazzHop: Metrajazz & Sly Hop', 'Jazz', 'Música', '{}', 'Primera edición: Metrajazz lanza su primer disco exclusivamente. Sly Hop con acid jazz y trip hop. 120 minutos, Todo Espectador.', '{}'::double precision[], '2025-09-25');
INSERT INTO events (id, venue_id, name, type, category, keywords, description, price_range, event_date) VALUES (192, NULL, 'Fiesta Criolla 2025', 'Folclore', 'Música', '{}', 'Tradicional Fiesta Criolla 2025 organizada por Municipalidad de Viña del Mar. 25,000 entradas liberadas. Horario de ingreso: 12:00-15:00 hrs.', '{}'::double precision[], '2025-09-20');
INSERT INTO events (id, venue_id, name, type, category, keywords, description, price_range, event_date) VALUES (193, NULL, 'Open Room Music: Basshall 4 Tribal Kush Amsterdam', 'Electrónica', 'Música', '{}', 'Sesión de música electrónica con Basshall 4 y Tribal Kush Amsterdam. Ambiente underground y progressive house.', '{}'::double precision[], '2025-10-15');
INSERT INTO events (id, venue_id, name, type, category, keywords, description, price_range, event_date) VALUES (194, 36, 'Alejandro Silva Power Cuarteto + Ángel Binario', 'Jazz', 'Música', '{}', 'Alejandro Silva Power Cuarteto con banda invitada Ángel Binario. Jazz fusión de alto nivel en Club Amanda.', '{}'::double precision[], '2025-10-25');
INSERT INTO events (id, venue_id, name, type, category, keywords, description, price_range, event_date) VALUES (195, 29, 'Led Zeppelin Tributo - Black Dog', 'Rock', 'Música', '{}', 'Tributo a Led Zeppelin por la banda Black Dog. Recreación fiel de los clásicos del rock británico.', '{}'::double precision[], '2025-09-13');
INSERT INTO events (id, venue_id, name, type, category, keywords, description, price_range, event_date) VALUES (196, 32, 'Dimmish', 'Electrónica', 'Música', '{}', 'Dimmish en La Feria Club. Sesión de música electrónica y house progresivo.', '{}'::double precision[], '2025-11-08');
INSERT INTO events (id, venue_id, name, type, category, keywords, description, price_range, event_date) VALUES (197, NULL, 'The Congos - 50 Aniversario en Chile', 'Latina', 'Música', '{}', 'Celebración del 50 aniversario de The Congos en Chile. Leyendas del reggae jamaiquino en presentación histórica.', '{}'::double precision[], '2025-11-15');
INSERT INTO events (id, venue_id, name, type, category, keywords, description, price_range, event_date) VALUES (198, 36, 'Crettino', 'Rock', 'Música', '{}', 'Crettino en vivo en Club Amanda. Indie rock nacional de alta calidad.', '{}'::double precision[], '2025-09-26');
INSERT INTO events (id, venue_id, name, type, category, keywords, description, price_range, event_date) VALUES (199, NULL, 'Stranger Blondie 70s 80s - 4 Pistas de Baile', 'Electrónica', 'Música', '{}', 'Fiesta retro 70s y 80s con 4 pistas de baile simultáneas en el icónico Cine Blondie.', '{}'::double precision[], '2025-10-18');
INSERT INTO events (id, venue_id, name, type, category, keywords, description, price_range, event_date) VALUES (200, 36, 'The Police Experience - De Cops', 'Rock', 'Música', '{}', 'Tributo a The Police por la banda De Cops. Interpretación fiel de los clásicos británicos.', '{}'::double precision[], '2025-09-27');
INSERT INTO events (id, venue_id, name, type, category, keywords, description, price_range, event_date) VALUES (201, NULL, 'Kozmic Pearls - Tributo a Janis Joplin', 'Rock', 'Música', '{}', 'Kozmic Pearls rinde tributo y revive la esencia de Janis Joplin. Blues rock psicodélico de los 60s.', '{}'::double precision[], '2025-10-20');
INSERT INTO events (id, venue_id, name, type, category, keywords, description, price_range, event_date) VALUES (202, NULL, 'The Ramblers', 'Rock', 'Música', '{}', 'Leyendas del rock nacional The Ramblers en Teatro Palermo. Clásicos inmortales del rock chileno.', '{}'::double precision[], '2025-11-10');
INSERT INTO events (id, venue_id, name, type, category, keywords, description, price_range, event_date) VALUES (203, 32, 'Mhigh', 'Electrónica', 'Música', '{}', 'Mhigh presenta su set en La Feria Club. Techno y house progresivo de vanguardia.', '{}'::double precision[], '2025-11-22');
INSERT INTO events (id, venue_id, name, type, category, keywords, description, price_range, event_date) VALUES (204, 102, 'The Holydrug Couple', 'Rock', 'Música', '{}', 'The Holydrug Couple en Centro Arte Alameda. Psicodelia chilena de proyección internacional.', '{}'::double precision[], '2025-11-05');
INSERT INTO events (id, venue_id, name, type, category, keywords, description, price_range, event_date) VALUES (205, 47, 'Decessus', 'Rock', 'Música', '{}', 'Decessus en Sala Metrónomo. Metal extremo y death metal de la escena nacional.', '{}'::double precision[], '2025-10-30');
INSERT INTO events (id, venue_id, name, type, category, keywords, description, price_range, event_date) VALUES (206, 29, 'Natalino', 'Indie', 'Música', '{}', 'Natalino presenta su indie folk melancólico en la intimidad de Club Chocolate.', '{}'::double precision[], '2025-10-10');
INSERT INTO events (id, venue_id, name, type, category, keywords, description, price_range, event_date) VALUES (207, 47, 'Lucho SSJ', 'Pop', 'Música', '{}', 'Lucho SSJ en Sala Metrónomo. Trap y hip hop de la nueva generación argentina.', '{}'::double precision[], '2025-11-28');
INSERT INTO events (id, venue_id, name, type, category, keywords, description, price_range, event_date) VALUES (208, 29, 'Prehistóricos 15 Años', 'Rock', 'Música', '{}', 'Celebración de 15 años de Prehistóricos. Rock nacional con 15 años de trayectoria.', '{}'::double precision[], '2025-10-11');
INSERT INTO events (id, venue_id, name, type, category, keywords, description, price_range, event_date) VALUES (209, NULL, 'Sudarshana - La Rebelión del Corazón 20 Aniversario', 'Rock', 'Música', '{}', 'Sudarshana celebra 20 años de ''La Rebelión del Corazón''. Rock espiritual y música consciente.', '{}'::double precision[], '2025-11-30');
INSERT INTO events (id, venue_id, name, type, category, keywords, description, price_range, event_date) VALUES (210, 29, 'Pearl Jam Yield - Tributo Piedra Negra', 'Rock', 'Música', '{}', 'Tributo a Pearl Jam por Piedra Negra. Enfoque en álbum Yield y grandes éxitos del grunge de Seattle.', '{}'::double precision[], '2025-10-24');
INSERT INTO events (id, venue_id, name, type, category, keywords, description, price_range, event_date) VALUES (211, NULL, 'Cantamarta Santiago Tour 2025', 'Folclore', 'Música', '{}', 'Cantamarta presenta su Santiago Tour 2025. Folk nacional con raíces profundas en la tradición chilena.', '{}'::double precision[], '2025-12-05');
INSERT INTO events (id, venue_id, name, type, category, keywords, description, price_range, event_date) VALUES (212, NULL, 'Sin Documentos - Calamaro + Sorpresas', 'Rock', 'Música', '{}', 'Sin Documentos rinde tributo a Calamaro con algunas sorpresas especiales en Klub Kross.', '{}'::double precision[], '2025-11-15');
INSERT INTO events (id, venue_id, name, type, category, keywords, description, price_range, event_date) VALUES (213, NULL, 'En Silencio Bailamos', 'Electrónica', 'Música', '{}', 'Experiencia de Silent Disco en Hotel W. Tres canales musicales simultáneos con auriculares inalámbricos.', '{}'::double precision[], '2025-09-12');
INSERT INTO events (id, venue_id, name, type, category, keywords, description, price_range, event_date) VALUES (214, NULL, 'Studio 2054 - Katy Perry 4 Pistas de Baile', 'Pop', 'Música', '{}', 'Tributo a Katy Perry estilo Studio 2054 con 4 pistas de baile simultáneas. Pop dance de alto nivel.', '{}'::double precision[], '2025-10-26');
INSERT INTO events (id, venue_id, name, type, category, keywords, description, price_range, event_date) VALUES (215, 36, 'Amanda All Stars - Noche Jazz Fusion', 'Jazz', 'Música', '{}', 'Amanda All Stars presenta noche dedicada al Jazz Fusion. Músicos de sesión de primer nivel.', '{}'::double precision[], '2025-09-12');
INSERT INTO events (id, venue_id, name, type, category, keywords, description, price_range, event_date) VALUES (216, NULL, 'After Party Mercado París Londres', 'Electrónica', 'Música', '{}', 'After party en el icónico Mercado París Londres. Ambiente underground hasta el amanecer.', '{}'::double precision[], '2025-10-12');
INSERT INTO events (id, venue_id, name, type, category, keywords, description, price_range, event_date) VALUES (217, 20, 'Ignacio Socías - Stand Up Comedy', 'Stand-Up', 'Comedia', '{}', 'Ignacio Socías presenta su rutina de stand up comedy en Comedy Restobar. Comediante nacional reconocido por su humor inteligente y observacional.', '{}'::double precision[], '2025-09-16');
INSERT INTO events (id, venue_id, name, type, category, keywords, description, price_range, event_date) VALUES (218, 20, 'De Mal en Peor - Íntimo', 'Stand-Up', 'Comedia', '{}', 'Show íntimo ''De Mal en Peor'' en Comedy Restobar. Formato especial de stand up comedy en ambiente cercano.', '{}'::double precision[], '2025-09-23');
INSERT INTO events (id, venue_id, name, type, category, keywords, description, price_range, event_date) VALUES (219, 20, 'Chiqui Aguayo - Stand Up Comedy', 'Stand-Up', 'Comedia', '{}', 'Chiqui Aguayo, ícono de la comedia chilena, presenta su show en Comedy Restobar. Humor característico y entrañable.', '{}'::double precision[], '2025-09-26');
INSERT INTO events (id, venue_id, name, type, category, keywords, description, price_range, event_date) VALUES (220, 20, 'Alison Mandel - Stand Up Comedy', 'Stand-Up', 'Comedia', '{}', 'Alison Mandel presenta su stand up comedy en Comedy Restobar. Comediante reconocida de la escena nacional.', '{}'::double precision[], '2025-09-25');
INSERT INTO events (id, venue_id, name, type, category, keywords, description, price_range, event_date) VALUES (221, 20, 'Paloma Salas - Stand Up Comedy', 'Stand-Up', 'Comedia', '{}', 'Paloma Salas, destacada comediante chilena, presenta su rutina en Comedy Restobar. Humor fresco e ingenioso.', '{}'::double precision[], '2025-09-22');
INSERT INTO events (id, venue_id, name, type, category, keywords, description, price_range, event_date) VALUES (222, 20, 'Luis Slimming - Stand Up Comedy', 'Stand-Up', 'Comedia', '{}', 'Luis Slimming presenta su show de stand up comedy en Comedy Restobar. Humorista reconocido de la escena nacional.', '{}'::double precision[], '2025-09-16');
INSERT INTO events (id, venue_id, name, type, category, keywords, description, price_range, event_date) VALUES (223, 20, 'Pelao Rodrigo - Stand Up Comedy', 'Stand-Up', 'Comedia', '{}', 'Pelao Rodrigo presenta su rutina de stand up comedy en Comedy Restobar. Humor popular y cercano al público.', '{}'::double precision[], '2025-09-24');
INSERT INTO events (id, venue_id, name, type, category, keywords, description, price_range, event_date) VALUES (224, 20, 'Comedy Restobar - Programación Regular', 'Stand-Up', 'Comedia', '{}', 'Comedy Restobar, epicentro del stand up comedy en Santiago. Ubicado en Seminario 614, Providencia. Programación semanal con los mejores comediantes nacionales.', '{}'::double precision[], '2025-09-15');
INSERT INTO events (id, venue_id, name, type, category, keywords, description, price_range, event_date) VALUES (225, 11, 'La Sole - El Precio de la Alcurnia', 'Comedia', 'Teatro', '{}', 'Monólogo cómico escrito y protagonizado por Paloma Larraín. Una mujer de 55 años de clase alta chilena enfrenta sus miedos cuando su empleada la abandona. Desnuda el patetismo del arribismo chileno.', '{}'::double precision[], '2025-10-23');
INSERT INTO events (id, venue_id, name, type, category, keywords, description, price_range, event_date) VALUES (226, NULL, 'X-Ecutioners en Chile', 'Electrónica', 'Música', '{}', 'Legendarios turntablists X-Ecutioners llegan a Chile. Pioneros del scratch y turntablism con Total Eclipse, DJ Boogie Blind y DJ Precision. Formados en 1989, famosos por colaboraciones con Linkin Park.', '{}'::double precision[], '2025-11-15');
INSERT INTO events (id, venue_id, name, type, category, keywords, description, price_range, event_date) VALUES (227, NULL, 'Viejas de Mierda', 'Comedia', 'Teatro', '{}', 'Comedia teatral en Teatro Las Condes. Obra que retrata con humor las vivencias y situaciones de mujeres maduras en la sociedad actual.', '{}'::double precision[], '2025-10-16');
INSERT INTO events (id, venue_id, name, type, category, keywords, description, price_range, event_date) VALUES (228, 20, 'Altoyoyo', 'Stand-up', 'Comedia', '{}', 'El comediante Altoyoyo @altoyoyo llega al Comedy Restobar para una noche llena de humor, anécdotas y risas aseguradas.', '{}'::double precision[], '2025-11-08');
INSERT INTO events (id, venue_id, name, type, category, keywords, description, price_range, event_date) VALUES (229, 20, 'Matías Tamayo', 'Stand-up', 'Comedia', '{}', 'El comediante Matías Tamayo @mati.tamayo llega al escenario del Comedy Restobar para ofrecer una noche imperdible Con su estilo espontáneo, cercano y lleno de humor cotidiano.', '{}'::double precision[], '2025-11-14');
INSERT INTO events (id, venue_id, name, type, category, keywords, description, price_range, event_date) VALUES (229, 20, 'Claudio Moreno', 'Stand-up', 'Comedia', '{}', 'El querido comediante Claudio Moreno @clmoreno.comediante conocido por su inolvidable personaje Gurú Guru, vuelve a los escenarios con un espectáculo imperdible en el Comedy Restobar.', '{}'::double precision[], '2025-11-14');
INSERT INTO events (id, venue_id, name, type, category, keywords, description, price_range, event_date) VALUES (230, 49, 'La Orquesta del Viento presenta: Brujos', 'Jazz', 'Música', '{}', 'La Orquesta del Viento estrena "Brujos", su nuevo disco, en un concierto que une música e ilustración en vivo junto a la reconocida artista Sol Díaz.', '{}'::double precision[], '2025-11-14');

COMMIT;